{"id":"connected-coast","name":"Connected Coast","length":null,"landing_points":[{"id":"addenbroke-island-bc-canada","name":"Addenbroke Island, BC, Canada","country":"Canada","is_tbd":null},{"id":"ahousat-bc-canada","name":"Ahousat, BC, Canada","country":"Canada","is_tbd":null},{"id":"alert-bay-bc-canada","name":"Alert Bay, BC, Canada","country":"Canada","is_tbd":null},{"id":"bamfield-bc-canada","name":"Bamfield, BC, Canada","country":"Canada","is_tbd":null},{"id":"bella-bella-bc-canada","name":"Bella Bella, BC, Canada","country":"Canada","is_tbd":null},{"id":"bella-coola-bc-canada","name":"Bella Coola, BC, Canada","country":"Canada","is_tbd":null},{"id":"blind-channel-bc-canada","name":"Blind Channel, BC, Canada","country":"Canada","is_tbd":null},{"id":"bliss-landing-bc-canada","name":"Bliss Landing, BC, Canada","country":"Canada","is_tbd":null},{"id":"boat-bluff-bc-canada","name":"Boat Bluff, BC, Canada","country":"Canada","is_tbd":null},{"id":"bold-point-bc-canada","name":"Bold Point, BC, Canada","country":"Canada","is_tbd":null},{"id":"bonilla-island-bc-canada","name":"Bonilla Island, BC, Canada","country":"Canada","is_tbd":null},{"id":"bowser-bc-canada","name":"Bowser, BC, Canada","country":"Canada","is_tbd":null},{"id":"butedale-bc-canada","name":"Butedale, BC, Canada","country":"Canada","is_tbd":null},{"id":"campbell-river-bc-canada","name":"Campbell River, BC, Canada","country":"Canada","is_tbd":null},{"id":"chatham-point-bc-canada","name":"Chatham Point, BC, Canada","country":"Canada","is_tbd":null},{"id":"coal-harbour-bc-canada","name":"Coal Harbour, BC, Canada","country":"Canada","is_tbd":null},{"id":"comox-bc-canada","name":"Comox, BC, Canada","country":"Canada","is_tbd":null},{"id":"cousins-inlet-bc-canada","name":"Cousins Inlet, BC, Canada","country":"Canada","is_tbd":null},{"id":"denman-island-bc-canada","name":"Denman Island, BC, Canada","country":"Canada","is_tbd":null},{"id":"dodge-cove-bc-canada","name":"Dodge Cove, BC, Canada","country":"Canada","is_tbd":null},{"id":"dryad-point-bc-canada","name":"Dryad Point, BC, Canada","country":"Canada","is_tbd":null},{"id":"duncanby-bc-canada","name":"Duncanby, BC, Canada","country":"Canada","is_tbd":null},{"id":"eastbourne-bc-canada","name":"Eastbourne, BC, Canada","country":"Canada","is_tbd":null},{"id":"echo-bay-bc-canada","name":"Echo Bay, BC, Canada","country":"Canada","is_tbd":null},{"id":"edith-point-bc-canada","name":"Edith Point, BC, Canada","country":"Canada","is_tbd":null},{"id":"egg-island-bc-canada","name":"Egg Island, BC, Canada","country":"Canada","is_tbd":null},{"id":"elk-bay-bc-canada","name":"Elk Bay, BC, Canada","country":"Canada","is_tbd":null},{"id":"esperanza-bc-canada","name":"Esperanza, BC, Canada","country":"Canada","is_tbd":null},{"id":"gabriola-bc-canada","name":"Gabriola, BC, Canada","country":"Canada","is_tbd":null},{"id":"gambier-harbour-bc-canada","name":"Gambier Harbour, BC, Canada","country":"Canada","is_tbd":null},{"id":"gibsons-bc-canada","name":"Gibsons, BC, Canada","country":"Canada","is_tbd":null},{"id":"gillies-bay-bc-canada","name":"Gillies Bay, BC, Canada","country":"Canada","is_tbd":null},{"id":"gold-river-bc-canada","name":"Gold River, BC, Canada","country":"Canada","is_tbd":null},{"id":"granite-bay-bc-canada","name":"Granite Bay, BC, Canada","country":"Canada","is_tbd":null},{"id":"haggards-cove-bc-canada","name":"Haggard's Cove, BC, Canada","country":"Canada","is_tbd":null},{"id":"harbledown-island-bc-canada","name":"Harbledown Island, BC, Canada","country":"Canada","is_tbd":null},{"id":"hartley-bay-bc-canada","name":"Hartley Bay, BC, Canada","country":"Canada","is_tbd":null},{"id":"heriot-bay-bc-canada","name":"Heriot Bay, BC, Canada","country":"Canada","is_tbd":null},{"id":"holberg-bc-canada","name":"Holberg, BC, Canada","country":"Canada","is_tbd":null},{"id":"hornby-island-bc-canada","name":"Hornby Island, BC, Canada","country":"Canada","is_tbd":null},{"id":"hot-springs-cove-bc-canada","name":"Hot Springs Cove, BC, Canada","country":"Canada","is_tbd":null},{"id":"hyde-creek-bc-canada","name":"Hyde Creek, BC, Canada","country":"Canada","is_tbd":null},{"id":"ivory-island-bc-canada","name":"Ivory Island, BC, Canada","country":"Canada","is_tbd":null},{"id":"kaiete-point-bc-canada","name":"Kaiete Point, BC, Canada","country":"Canada","is_tbd":null},{"id":"kains-island-bc-canada","name":"Kains Island, BC, Canada","country":"Canada","is_tbd":null},{"id":"kingcome-inlet-bc-canada","name":"Kingcome Inlet, BC, Canada","country":"Canada","is_tbd":null},{"id":"kitamaat-village-bc-canada","name":"Kitamaat Village, BC, Canada","country":"Canada","is_tbd":null},{"id":"kitimat-bc-canada","name":"Kitimat, BC, Canada","country":"Canada","is_tbd":null},{"id":"kitkatla-bc-canada","name":"Kitkatla, BC, Canada","country":"Canada","is_tbd":null},{"id":"klemtu-bc-canada","name":"Klemtu, BC, Canada","country":"Canada","is_tbd":null},{"id":"kwakiutl-cluxewe-bc-canada","name":"Kwakiutl (Cluxewe), BC, Canada","country":"Canada","is_tbd":null},{"id":"kwikwasutinuxw-haxwamis-bc-canada","name":"Kwikwasut'inuxw Haxwa’mis, BC, Canada","country":"Canada","is_tbd":null},{"id":"kyuquot-bc-canada","name":"Kyuquot, BC, Canada","country":"Canada","is_tbd":null},{"id":"lax-kwalaams-bc-canada","name":"Lax Kw'alaams, BC, Canada","country":"Canada","is_tbd":null},{"id":"lund-bc-canada","name":"Lund, BC, Canada","country":"Canada","is_tbd":null},{"id":"macoah-bc-canada","name":"Macoah, BC, Canada","country":"Canada","is_tbd":null},{"id":"mansons-landing-bc-canada","name":"Mansons Landing, BC, Canada","country":"Canada","is_tbd":null},{"id":"martin-valley-bc-canada","name":"Martin Valley, BC, Canada","country":"Canada","is_tbd":null},{"id":"mcinnes-island-bc-canada","name":"McInnes Island, BC, Canada","country":"Canada","is_tbd":null},{"id":"metlakatla-bc-canada","name":"Metlakatla, BC, Canada","country":"Canada","is_tbd":null},{"id":"mitchell-bay-bc-canada","name":"Mitchell Bay, BC, Canada","country":"Canada","is_tbd":null},{"id":"nuchatlaht-bc-canada","name":"Nuchatlaht, BC, Canada","country":"Canada","is_tbd":null},{"id":"ocean-falls-bc-canada","name":"Ocean Falls, BC, Canada","country":"Canada","is_tbd":null},{"id":"old-bella-bella-bc-canada","name":"Old Bella Bella, BC, Canada","country":"Canada","is_tbd":null},{"id":"oona-river-bc-canada","name":"Oona River, BC, Canada","country":"Canada","is_tbd":null},{"id":"open-bay-bc-canada","name":"Open Bay, BC, Canada","country":"Canada","is_tbd":null},{"id":"opitsat-bc-canada","name":"Opitsat, BC, Canada","country":"Canada","is_tbd":null},{"id":"pine-island-bc-canada","name":"Pine Island, BC, Canada","country":"Canada","is_tbd":null},{"id":"port-alice-bc-canada","name":"Port Alice, BC, Canada","country":"Canada","is_tbd":null},{"id":"port-hardy-bc-canada","name":"Port Hardy, BC, Canada","country":"Canada","is_tbd":null},{"id":"port-neville-bc-canada","name":"Port Neville, BC, Canada","country":"Canada","is_tbd":null},{"id":"powell-river-bc-canada","name":"Powell River, BC, Canada","country":"Canada","is_tbd":null},{"id":"prince-rupert-bc-canada","name":"Prince Rupert, BC, Canada","country":"Canada","is_tbd":null},{"id":"pulteney-point-bc-canada","name":"Pulteney Point, BC, Canada","country":"Canada","is_tbd":null},{"id":"qualicum-beach-bc-canada","name":"Qualicum Beach, BC, Canada","country":"Canada","is_tbd":null},{"id":"quatsino-bc-canada","name":"Quatsino, BC, Canada","country":"Canada","is_tbd":null},{"id":"queens-cove-bc-canada","name":"Queens Cove, BC, Canada","country":"Canada","is_tbd":null},{"id":"refuge-cove-bc-canada","name":"Refuge Cove, BC, Canada","country":"Canada","is_tbd":null},{"id":"ridley-island-bc-canada","name":"Ridley Island, BC, Canada","country":"Canada","is_tbd":null},{"id":"salmon-beach-bc-canada","name":"Salmon Beach, BC, Canada","country":"Canada","is_tbd":null},{"id":"saltery-bay-bc-canada","name":"Saltery Bay, BC, Canada","country":"Canada","is_tbd":null},{"id":"sarita-bc-canada","name":"Sarita, BC, Canada","country":"Canada","is_tbd":null},{"id":"sayward-bc-canada","name":"Sayward, BC, Canada","country":"Canada","is_tbd":null},{"id":"scarlett-point-bc-canada","name":"Scarlett Point, BC, Canada","country":"Canada","is_tbd":null},{"id":"seaford-bc-canada","name":"Seaford, BC, Canada","country":"Canada","is_tbd":null},{"id":"shawl-bay-bc-canada","name":"Shawl Bay, BC, Canada","country":"Canada","is_tbd":null},{"id":"shearwater-bc-canada","name":"Shearwater, BC, Canada","country":"Canada","is_tbd":null},{"id":"smith-island-bc-canada","name":"Smith Island, BC, Canada","country":"Canada","is_tbd":null},{"id":"snaw-naw-as-bc-canada","name":"Snaw-naw-as, BC, Canada","country":"Canada","is_tbd":null},{"id":"squirrel-cove-bc-canada","name":"Squirrel Cove, BC, Canada","country":"Canada","is_tbd":null},{"id":"stories-beach-bc-canada","name":"Stories Beach, BC, Canada","country":"Canada","is_tbd":null},{"id":"surge-narrows-bc-canada","name":"Surge Narrows, BC, Canada","country":"Canada","is_tbd":null},{"id":"tahsis-bc-canada","name":"Tahsis, BC, Canada","country":"Canada","is_tbd":null},{"id":"telegraph-cove-bc-canada","name":"Telegraph Cove, BC, Canada","country":"Canada","is_tbd":null},{"id":"tlell-bc-canada","name":"Tlell, BC, Canada","country":"Canada","is_tbd":null},{"id":"tofino-bc-canada","name":"Tofino, BC, Canada","country":"Canada","is_tbd":null},{"id":"tom-island-bc-canada","name":"Tom Island, BC, Canada","country":"Canada","is_tbd":null},{"id":"toquaht-bay-bc-canada","name":"Toquaht Bay, BC, Canada","country":"Canada","is_tbd":null},{"id":"uchucklesaht-bc-canada","name":"Uchucklesaht, BC, Canada","country":"Canada","is_tbd":null},{"id":"ucluelet-bc-canada","name":"Ucluelet, BC, Canada","country":"Canada","is_tbd":null},{"id":"van-anda-bc-canada","name":"Van Anda, BC, Canada","country":"Canada","is_tbd":null},{"id":"vancouver-bc-canada","name":"Vancouver, BC, Canada","country":"Canada","is_tbd":null},{"id":"whaletown-bc-canada","name":"Whaletown, BC, Canada","country":"Canada","is_tbd":null},{"id":"williams-beach-bc-canada","name":"Williams Beach, BC, Canada","country":"Canada","is_tbd":null},{"id":"winter-harbour-bc-canada","name":"Winter Harbour, BC, Canada","country":"Canada","is_tbd":null},{"id":"wuikinuxv-bc-canada","name":"Wuikinuxv, BC, Canada","country":"Canada","is_tbd":null},{"id":"yuquot-bc-canada","name":"Yuquot, BC, Canada","country":"Canada","is_tbd":null},{"id":"zeballos-bc-canada","name":"Zeballos, BC, Canada","country":"Canada","is_tbd":null}],"owners":"Connected Coast Network Partnership","suppliers":null,"rfs":"2024","rfs_year":2024,"is_planned":false,"url":"https://connectedcoast.ca/","notes":null}
