{"id":"accra-ghana","name":"Accra, Ghana","country":"Ghana","cables":[{"id":"2africa","name":"2Africa","rfs_year":2024,"is_planned":false,"landing_points":["abidjan-cte-divoire","abu-dhabi-united-arab-emirates","accra-ghana","al-faw-iraq","al-khobar-saudi-arabia","amanzimtoti-south-africa","barcelona-spain","barka-oman","berbera-somalia","bude-united-kingdom","carana-seychelles","carcavelos-portugal","dakar-senegal","dar-es-salaam-tanzania","djibouti-city-djibouti","doha-qatar","duba-saudi-arabia","duynefontein-south-africa","genoa-italy","gqeberha-south-africa","gran-canaria-canary-islands-spain","jeddah-saudi-arabia","kalba-united-arab-emirates","karachi-pakistan","kuwait-city-kuwait","kwa-ibo-nigeria","lagos-nigeria","libreville-gabon","luanda-angola","mahajanga-madagascar","manama-bahrain","maputo-mozambique","marseille-france","mogadishu-somalia","mombasa-kenya","moroni-comoros","mtwapa-kenya","muanda-congo-dem-rep-","mumbai-india","nacala-mozambique","pointe-noire-congo-rep-","port-said-egypt","port-sudan-sudan","ras-ghareb-egypt","salalah-oman","suez-egypt","tympaki-greece","yanbu-saudi-arabia","yzerfontein-south-africa","zafarana-egypt"]},{"id":"africa-coast-to-europe-ace","name":"Africa Coast to Europe (ACE)","rfs_year":2012,"is_planned":false,"landing_points":["abidjan-cte-divoire","accra-ghana","banjul-gambia","bata-equatorial-guinea","carcavelos-portugal","conakry-guinea","cotonou-benin","dakar-senegal","duynefontein-south-africa","freetown-sierra-leone","granadilla-de-abona-spain","lagos-nigeria","libreville-gabon","monrovia-liberia","nouakchott-mauritania","penmarch-france","sao-tome-sao-tome-and-principe","suro-guinea-bissau"]},{"id":"glo-1","name":"Glo-1","rfs_year":2010,"is_planned":false,"landing_points":["accra-ghana","bude-united-kingdom","lagos-nigeria"]},{"id":"mainone","name":"MainOne","rfs_year":2010,"is_planned":false,"landing_points":["abidjan-cte-divoire","accra-ghana","dakar-senegal","lagos-nigeria","seixal-portugal"]},{"id":"sat-3wasc","name":"SAT-3/WASC","rfs_year":2002,"is_planned":false,"landing_points":["abidjan-cte-divoire","accra-ghana","alta-vista-canary-islands-spain","cacuaco-angola","chipiona-spain","cotonou-benin","dakar-senegal","douala-cameroon","lagos-nigeria","libreville-gabon","melkbosstrand-south-africa","sesimbra-portugal"]},{"id":"west-africa-cable-system-wacs","name":"West Africa Cable System (WACS)","rfs_year":2012,"is_planned":false,"landing_points":["abidjan-cte-divoire","accra-ghana","el-goro-canary-islands-spain","lagos-nigeria","limbe-cameroon","lome-togo","muanda-congo-dem-rep-","pointe-noire-congo-rep-","praia-cape-verde","sangano-angola","seixal-portugal","swakopmund-namibia","yzerfontein-south-africa"]}],"landing_points":["sesimbra-portugal","alta-vista-canary-islands-spain","dakar-senegal","accra-ghana","cotonou-benin","lagos-nigeria","libreville-gabon","cacuaco-angola","melkbosstrand-south-africa","douala-cameroon","abidjan-cte-divoire","bude-united-kingdom","seixal-portugal","penmarch-france","nouakchott-mauritania","banjul-gambia","conakry-guinea","freetown-sierra-leone","monrovia-liberia","muanda-congo-dem-rep-","pointe-noire-congo-rep-","lome-togo","bata-equatorial-guinea","yzerfontein-south-africa","swakopmund-namibia","limbe-cameroon","el-goro-canary-islands-spain","sangano-angola","duynefontein-south-africa","carcavelos-portugal","suro-guinea-bissau","praia-cape-verde","chipiona-spain","granadilla-de-abona-spain","suez-egypt","ras-ghareb-egypt","port-said-egypt","genoa-italy","marseille-france","barcelona-spain","port-sudan-sudan","salalah-oman","djibouti-city-djibouti","mogadishu-somalia","mombasa-kenya","dar-es-salaam-tanzania","maputo-mozambique","nacala-mozambique","mahajanga-madagascar","gqeberha-south-africa","yanbu-saudi-arabia","zafarana-egypt","sao-tome-sao-tome-and-principe","kwa-ibo-nigeria","luanda-angola","moroni-comoros","gran-canaria-canary-islands-spain","carana-seychelles","barka-oman","abu-dhabi-united-arab-emirates","kalba-united-arab-emirates","doha-qatar","manama-bahrain","al-faw-iraq","kuwait-city-kuwait","al-khobar-saudi-arabia","karachi-pakistan","mumbai-india","duba-saudi-arabia","jeddah-saudi-arabia","berbera-somalia","tympaki-greece","amanzimtoti-south-africa","mtwapa-kenya"]}
