{"id":"bari-italy","name":"Bari, Italy","country":"Italy","cables":[{"id":"asia-africa-europe-1-aae-1","name":"Asia Africa Europe-1 (AAE-1)","rfs_year":2017,"is_planned":false,"landing_points":["abu-talat-egypt","aden-yemen","al-bustan-oman","bari-italy","cape-daguilar-china","chania-greece","djibouti-city-djibouti","doha-qatar","fujairah-united-arab-emirates","jeddah-saudi-arabia","karachi-pakistan","marseille-france","mumbai-india","ngwe-saung-myanmar","penang-malaysia","satun-thailand","sihanoukville-cambodia","songkhla-thailand","vung-tau-vietnam","zafarana-egypt"]},{"id":"italy-albania","name":"Italy-Albania","rfs_year":1997,"is_planned":false,"landing_points":["bari-italy","durres-albania"]},{"id":"jonah","name":"Jonah","rfs_year":2012,"is_planned":false,"landing_points":["bari-italy","tel-aviv-israel"]},{"id":"oteglobe-kokkini-bari","name":"OTEGLOBE Kokkini-Bari","rfs_year":2004,"is_planned":false,"landing_points":["bari-italy","kokkini-greece"]}],"landing_points":["bari-italy","durres-albania","kokkini-greece","tel-aviv-israel","marseille-france","chania-greece","abu-talat-egypt","zafarana-egypt","djibouti-city-djibouti","fujairah-united-arab-emirates","karachi-pakistan","jeddah-saudi-arabia","doha-qatar","songkhla-thailand","satun-thailand","sihanoukville-cambodia","mumbai-india","aden-yemen","al-bustan-oman","cape-daguilar-china","vung-tau-vietnam","ngwe-saung-myanmar","penang-malaysia"]}
