{"id":"batangas-philippines","name":"Batangas, Philippines","country":"Philippines","cables":[{"id":"apcn-2","name":"APCN-2","rfs_year":2001,"is_planned":false,"landing_points":["batangas-philippines","busan-south-korea","cherating-malaysia","chikura-japan","chongming-china","katong-singapore","kitaibaraki-japan","lantau-island-china","shantou-china","tanshui-taiwan"]},{"id":"asia-direct-cable-adc","name":"Asia Direct Cable (ADC)","rfs_year":2024,"is_planned":false,"landing_points":["batangas-philippines","chung-hom-kok-china","maruyama-japan","quy-nhon-vietnam","shantou-china","sriracha-thailand","tuas-singapore"]},{"id":"eac-c2c","name":"EAC-C2C","rfs_year":2002,"is_planned":false,"landing_points":["ajigaura-japan","batangas-philippines","busan-south-korea","cavite-philippines","changi-north-singapore","changi-south-singapore","chikura-japan","chung-hom-kok-china","fangshan-taiwan","nanhui-china","pa-li-taiwan","qingdao-china","shima-japan","shindu-ri-south-korea","tanshui-taiwan","tseung-kwan-o-china"]},{"id":"submarine-cable-in-the-philippines-scip","name":"Submarine Cable in the Philippines (SCiP)","rfs_year":2022,"is_planned":false,"landing_points":["allen-philippines","batangas-philippines","butuan-city-philippines","cagayan-de-oro-philippines","coron-philippines","daanbantayan-philippines","dumaguete-philippines","liloan-philippines","maasin-philippines","matnog-philippines","nabas-philippines","ormoc-philippines","pinamalayan-philippines","roxas-philippines","san-jose-philippines","talisay-philippines","taytay-philippines"]}],"landing_points":["chikura-japan","busan-south-korea","shantou-china","cherating-malaysia","kitaibaraki-japan","lantau-island-china","chongming-china","katong-singapore","batangas-philippines","tanshui-taiwan","ajigaura-japan","shima-japan","cavite-philippines","pa-li-taiwan","shindu-ri-south-korea","tseung-kwan-o-china","qingdao-china","fangshan-taiwan","chung-hom-kok-china","changi-south-singapore","changi-north-singapore","maruyama-japan","sriracha-thailand","tuas-singapore","quy-nhon-vietnam","nanhui-china","roxas-philippines","pinamalayan-philippines","nabas-philippines","daanbantayan-philippines","liloan-philippines","talisay-philippines","dumaguete-philippines","cagayan-de-oro-philippines","butuan-city-philippines","maasin-philippines","ormoc-philippines","matnog-philippines","allen-philippines","san-jose-philippines","coron-philippines","taytay-philippines"]}
