{"id":"boca-raton-fl-united-states","name":"Boca Raton, FL, United States","country":"United States","cables":[{"id":"bahamas-internet-cable-system-bics","name":"Bahamas Internet Cable System (BICS)","rfs_year":2001,"is_planned":false,"landing_points":["boca-raton-fl-united-states","caves-point-bahamas","crown-haven-bahamas","current-bahamas","hawksbill-bahamas","riding-point-bahamas","sandy-point-bahamas"]},{"id":"celia","name":"CELIA","rfs_year":2027,"is_planned":true,"landing_points":["baby-beach-aruba","boca-raton-fl-united-states","kralendijk-bonaire-sint-eustatius-and-saba","le-lamentin-martinique","morris-bay-antigua-and-barbuda","san-juan-pr-united-states","willemstad-curaao"]},{"id":"colombia-florida-express-cfx-1","name":"Colombia-Florida Express (CFX-1)","rfs_year":2008,"is_planned":false,"landing_points":["boca-raton-fl-united-states","cartagena-colombia","copa-club-jamaica","morant-point-jamaica"]},{"id":"confluence-1","name":"Confluence-1","rfs_year":2026,"is_planned":true,"landing_points":["boca-raton-fl-united-states","jacksonville-fl-united-states","myrtle-beach-sc-united-states","virginia-beach-va-united-states","wall-township-nj-united-states"]},{"id":"globenet","name":"GlobeNet","rfs_year":2000,"is_planned":false,"landing_points":["barranquilla-colombia","boca-raton-fl-united-states","fortaleza-brazil","maiquetia-venezuela","rio-de-janeiro-brazil","st-davids-bermuda","tuckerton-nj-united-states"]},{"id":"monet","name":"Monet","rfs_year":2017,"is_planned":false,"landing_points":["boca-raton-fl-united-states","fortaleza-brazil","santos-brazil"]},{"id":"south-america-1-sam-1","name":"South America-1 (SAm-1)","rfs_year":2001,"is_planned":false,"landing_points":["arica-chile","barranquilla-colombia","boca-raton-fl-united-states","fortaleza-brazil","las-toninas-argentina","lurin-peru","mancora-peru","puerto-barrios-guatemala","puerto-san-jose-guatemala","punta-cana-dominican-republic","punta-carnero-ecuador","rio-de-janeiro-brazil","salvador-brazil","san-juan-pr-united-states","santos-brazil","valparaso-chile"]},{"id":"tikal-amx3","name":"TIKAL-AMX3","rfs_year":2026,"is_planned":true,"landing_points":["boca-raton-fl-united-states","cancn-mexico","puerto-barrios-guatemala"]}],"landing_points":["tuckerton-nj-united-states","st-davids-bermuda","boca-raton-fl-united-states","san-juan-pr-united-states","fortaleza-brazil","rio-de-janeiro-brazil","santos-brazil","las-toninas-argentina","valparaso-chile","arica-chile","lurin-peru","puerto-san-jose-guatemala","puerto-barrios-guatemala","salvador-brazil","caves-point-bahamas","current-bahamas","sandy-point-bahamas","hawksbill-bahamas","crown-haven-bahamas","riding-point-bahamas","barranquilla-colombia","punta-carnero-ecuador","mancora-peru","cartagena-colombia","morant-point-jamaica","copa-club-jamaica","punta-cana-dominican-republic","maiquetia-venezuela","wall-township-nj-united-states","virginia-beach-va-united-states","myrtle-beach-sc-united-states","jacksonville-fl-united-states","cancn-mexico","le-lamentin-martinique","baby-beach-aruba","morris-bay-antigua-and-barbuda","kralendijk-bonaire-sint-eustatius-and-saba","willemstad-curaao"]}
