{"id":"carcavelos-portugal","name":"Carcavelos, Portugal","country":"Portugal","cables":[{"id":"2africa","name":"2Africa","rfs_year":2024,"is_planned":false,"landing_points":["abidjan-cte-divoire","abu-dhabi-united-arab-emirates","accra-ghana","al-faw-iraq","al-khobar-saudi-arabia","amanzimtoti-south-africa","barcelona-spain","barka-oman","berbera-somalia","bude-united-kingdom","carana-seychelles","carcavelos-portugal","dakar-senegal","dar-es-salaam-tanzania","djibouti-city-djibouti","doha-qatar","duba-saudi-arabia","duynefontein-south-africa","genoa-italy","gqeberha-south-africa","gran-canaria-canary-islands-spain","jeddah-saudi-arabia","kalba-united-arab-emirates","karachi-pakistan","kuwait-city-kuwait","kwa-ibo-nigeria","lagos-nigeria","libreville-gabon","luanda-angola","mahajanga-madagascar","manama-bahrain","maputo-mozambique","marseille-france","mogadishu-somalia","mombasa-kenya","moroni-comoros","mtwapa-kenya","muanda-congo-dem-rep-","mumbai-india","nacala-mozambique","pointe-noire-congo-rep-","port-said-egypt","port-sudan-sudan","ras-ghareb-egypt","salalah-oman","suez-egypt","tympaki-greece","yanbu-saudi-arabia","yzerfontein-south-africa","zafarana-egypt"]},{"id":"africa-coast-to-europe-ace","name":"Africa Coast to Europe (ACE)","rfs_year":2012,"is_planned":false,"landing_points":["abidjan-cte-divoire","accra-ghana","banjul-gambia","bata-equatorial-guinea","carcavelos-portugal","conakry-guinea","cotonou-benin","dakar-senegal","duynefontein-south-africa","freetown-sierra-leone","granadilla-de-abona-spain","lagos-nigeria","libreville-gabon","monrovia-liberia","nouakchott-mauritania","penmarch-france","sao-tome-sao-tome-and-principe","suro-guinea-bissau"]},{"id":"bugio","name":"BUGIO","rfs_year":1996,"is_planned":false,"landing_points":["carcavelos-portugal","sesimbra-portugal"]},{"id":"columbus-iii-azores-portugal","name":"Columbus-III Azores-Portugal","rfs_year":1999,"is_planned":false,"landing_points":["carcavelos-portugal","ponta-delgada-portugal"]},{"id":"continente-madeira","name":"Continente-Madeira","rfs_year":2000,"is_planned":false,"landing_points":["carcavelos-portugal","funchal-portugal"]},{"id":"medusa-submarine-cable-system","name":"Medusa Submarine Cable System","rfs_year":2026,"is_planned":true,"landing_points":["algiers-algeria","athens-greece","barcelona-spain","benghazi-libya","bizerte-tunisia","carcavelos-portugal","collo-algeria","manilva-spain","marseille-france","mazara-del-vallo-italy","mellieha-malta","misuratah-libya","nador-morocco","port-said-egypt","tartous-syria","ttouan-morocco","yeroskipos-cyprus","zahara-de-los-atunes-spain"]},{"id":"new-cam-ring","name":"New CAM Ring","rfs_year":2026,"is_planned":true,"landing_points":["carcavelos-portugal","funchal-portugal","machico-portugal","sines-portugal","so-miguel-portugal","terceira-portugal"]},{"id":"olisipo","name":"Olisipo","rfs_year":2026,"is_planned":true,"landing_points":["carcavelos-portugal","sines-portugal"]}],"landing_points":["sesimbra-portugal","penmarch-france","nouakchott-mauritania","dakar-senegal","banjul-gambia","conakry-guinea","freetown-sierra-leone","monrovia-liberia","abidjan-cte-divoire","accra-ghana","cotonou-benin","lagos-nigeria","libreville-gabon","bata-equatorial-guinea","duynefontein-south-africa","carcavelos-portugal","suro-guinea-bissau","granadilla-de-abona-spain","suez-egypt","ras-ghareb-egypt","port-said-egypt","bude-united-kingdom","genoa-italy","marseille-france","barcelona-spain","port-sudan-sudan","salalah-oman","djibouti-city-djibouti","mogadishu-somalia","mombasa-kenya","dar-es-salaam-tanzania","maputo-mozambique","nacala-mozambique","mahajanga-madagascar","gqeberha-south-africa","muanda-congo-dem-rep-","pointe-noire-congo-rep-","yanbu-saudi-arabia","zafarana-egypt","sao-tome-sao-tome-and-principe","ponta-delgada-portugal","kwa-ibo-nigeria","luanda-angola","moroni-comoros","gran-canaria-canary-islands-spain","carana-seychelles","barka-oman","abu-dhabi-united-arab-emirates","kalba-united-arab-emirates","doha-qatar","manama-bahrain","al-faw-iraq","kuwait-city-kuwait","al-khobar-saudi-arabia","karachi-pakistan","mumbai-india","duba-saudi-arabia","jeddah-saudi-arabia","mazara-del-vallo-italy","zahara-de-los-atunes-spain","manilva-spain","ttouan-morocco","nador-morocco","algiers-algeria","collo-algeria","sines-portugal","berbera-somalia","tympaki-greece","bizerte-tunisia","funchal-portugal","athens-greece","yeroskipos-cyprus","yzerfontein-south-africa","amanzimtoti-south-africa","mtwapa-kenya","misuratah-libya","benghazi-libya","terceira-portugal","machico-portugal","so-miguel-portugal","mellieha-malta","tartous-syria"]}
