{"id":"juneau-ak-united-states","name":"Juneau, AK, United States","country":"United States","cables":[{"id":"alaska-united-east-au-east","name":"Alaska United East (AU-East)","rfs_year":1999,"is_planned":false,"landing_points":["juneau-ak-united-states","lynnwood-wa-united-states","valdez-ak-united-states","whittier-ak-united-states"]},{"id":"alaska-united-southeast-au-se","name":"Alaska United Southeast (AU-SE)","rfs_year":2008,"is_planned":false,"landing_points":["angoon-ak-united-states","hawk-inlet-ak-united-states","juneau-ak-united-states","ketchikan-ak-united-states","petersburg-ak-united-states","sitka-ak-united-states","wrangell-ak-united-states"]},{"id":"fish-south","name":"FISH South","rfs_year":2026,"is_planned":true,"landing_points":["cordova-ak-united-states","gustavus-ak-united-states","hoonah-ak-united-states","juneau-ak-united-states","pelican-ak-united-states","yakutat-ak-united-states"]}],"landing_points":["whittier-ak-united-states","valdez-ak-united-states","lynnwood-wa-united-states","wrangell-ak-united-states","petersburg-ak-united-states","hawk-inlet-ak-united-states","angoon-ak-united-states","sitka-ak-united-states","ketchikan-ak-united-states","juneau-ak-united-states","cordova-ak-united-states","yakutat-ak-united-states","pelican-ak-united-states","gustavus-ak-united-states","hoonah-ak-united-states"]}
