{"id":"kapolei-hi-united-states","name":"Kapolei, HI, United States","country":"United States","cables":[{"id":"bulikula","name":"Bulikula","rfs_year":2026,"is_planned":true,"landing_points":["kapolei-hi-united-states","natadola-fiji","piti-guam","suva-fiji","tahiti-iti-french-polynesia","tahiti-nui-french-polynesia","tinian-northern-mariana-islands"]},{"id":"hawaiki","name":"Hawaiki","rfs_year":2018,"is_planned":false,"landing_points":["hillsboro-or-united-states","kapolei-hi-united-states","mangawhai-new-zealand","neiafu-tonga","pago-pago-american-samoa","sydney-nsw-australia"]},{"id":"tabua","name":"Tabua","rfs_year":2026,"is_planned":true,"landing_points":["kapolei-hi-united-states","los-angeles-ca-united-states","maroochydore-qld-australia","natadola-fiji","suva-fiji","sydney-nsw-australia"]},{"id":"taihei","name":"Taihei","rfs_year":2027,"is_planned":true,"landing_points":["kapolei-hi-united-states","takahagi-japan"]}],"landing_points":["sydney-nsw-australia","mangawhai-new-zealand","kapolei-hi-united-states","pago-pago-american-samoa","hillsboro-or-united-states","los-angeles-ca-united-states","suva-fiji","piti-guam","takahagi-japan","neiafu-tonga","natadola-fiji","tinian-northern-mariana-islands","tahiti-iti-french-polynesia","tahiti-nui-french-polynesia","maroochydore-qld-australia"]}
