{"id":"las-toninas-argentina","name":"Las Toninas, Argentina","country":"Argentina","cables":[{"id":"bicentenario","name":"Bicentenario","rfs_year":2011,"is_planned":false,"landing_points":["las-toninas-argentina","maldonado-uruguay"]},{"id":"firmina","name":"Firmina","rfs_year":2025,"is_planned":true,"landing_points":["las-toninas-argentina","myrtle-beach-sc-united-states","praia-grande-brazil","punta-del-este-uruguay"]},{"id":"malbec","name":"Malbec","rfs_year":2021,"is_planned":false,"landing_points":["las-toninas-argentina","porto-alegre-brazil","praia-grande-brazil","rio-de-janeiro-brazil"]},{"id":"south-america-1-sam-1","name":"South America-1 (SAm-1)","rfs_year":2001,"is_planned":false,"landing_points":["arica-chile","barranquilla-colombia","boca-raton-fl-united-states","fortaleza-brazil","las-toninas-argentina","lurin-peru","mancora-peru","puerto-barrios-guatemala","puerto-san-jose-guatemala","punta-cana-dominican-republic","punta-carnero-ecuador","rio-de-janeiro-brazil","salvador-brazil","san-juan-pr-united-states","santos-brazil","valparaso-chile"]},{"id":"south-american-crossing-sac","name":"South American Crossing (SAC)","rfs_year":2000,"is_planned":false,"landing_points":["buenaventura-colombia","coln-panama","fort-amador-panama","fortaleza-brazil","las-toninas-argentina","lurin-peru","puerto-viejo-venezuela","rio-de-janeiro-brazil","santos-brazil","st-croix-virgin-islands-virgin-islands-u-s-","valparaso-chile"]},{"id":"tannat","name":"Tannat","rfs_year":2018,"is_planned":false,"landing_points":["las-toninas-argentina","maldonado-uruguay","santos-brazil"]},{"id":"unisur","name":"Unisur","rfs_year":1995,"is_planned":false,"landing_points":["las-toninas-argentina","maldonado-uruguay"]}],"landing_points":["st-croix-virgin-islands-virgin-islands-u-s-","valparaso-chile","fortaleza-brazil","lurin-peru","rio-de-janeiro-brazil","santos-brazil","las-toninas-argentina","fort-amador-panama","boca-raton-fl-united-states","san-juan-pr-united-states","arica-chile","puerto-san-jose-guatemala","puerto-barrios-guatemala","maldonado-uruguay","salvador-brazil","puerto-viejo-venezuela","barranquilla-colombia","punta-carnero-ecuador","mancora-peru","buenaventura-colombia","punta-cana-dominican-republic","praia-grande-brazil","coln-panama","punta-del-este-uruguay","myrtle-beach-sc-united-states","porto-alegre-brazil"]}
