{"id":"lucena-philippines","name":"Lucena, Philippines","country":"Philippines","cables":[{"id":"national-digital-transmission-network-ndtn","name":"National Digital Transmission Network (NDTN)","rfs_year":1999,"is_planned":false,"landing_points":["dumaguete-philippines","iloilo-city-philippines","lucena-philippines","san-jose-philippines"]},{"id":"philippine-domestic-submarine-cable-network-pdscn","name":"Philippine Domestic Submarine Cable Network (PDSCN)","rfs_year":2023,"is_planned":false,"landing_points":["baclayon-philippines","bacolod-philippines","boac-philippines","boracay-philippines","bulan-philippines","cagayan-de-oro-philippines","cagdianao-philippines","calatrava-philippines","calbayog-philippines","camiguin-island-philippines","caticlan-philippines","dipolog-city-philippines","ilijan-philippines","iloilo-city-philippines","kinoguitan-philippines","liloan-philippines","liloy-philippines","lucena-philippines","maasin-philippines","palanas-philippines","palompon-philippines","pasacao-philippines","pinamalayan-philippines","placer-philippines","roxas-city-philippines","san-carlos-philippines","siargao-island-philippines","surigao-city-philippines","tagbilaran-philippines","talisay-philippines","toledo-philippines","zamboanga-philippines","zamboanguita-philippines"]}],"landing_points":["lucena-philippines","san-jose-philippines","dumaguete-philippines","iloilo-city-philippines","ilijan-philippines","pinamalayan-philippines","boracay-philippines","boac-philippines","calatrava-philippines","roxas-city-philippines","placer-philippines","bacolod-philippines","san-carlos-philippines","toledo-philippines","zamboanguita-philippines","dipolog-city-philippines","surigao-city-philippines","maasin-philippines","liloan-philippines","palompon-philippines","calbayog-philippines","palanas-philippines","bulan-philippines","caticlan-philippines","cagdianao-philippines","siargao-island-philippines","kinoguitan-philippines","camiguin-island-philippines","talisay-philippines","tagbilaran-philippines","baclayon-philippines","cagayan-de-oro-philippines","liloy-philippines","zamboanga-philippines","pasacao-philippines"]}
