{"id":"makaha-hi-united-states","name":"Makaha, HI, United States","country":"United States","cables":[{"id":"chi","name":"CHI","rfs_year":2001,"is_planned":false,"landing_points":["makaha-hi-united-states","morro-bay-ca-united-states"]},{"id":"hawaii-island-fibre-network-hifn","name":"Hawaii Island Fibre Network (HIFN)","rfs_year":1997,"is_planned":false,"landing_points":["kaunakakai-hi-united-states","kawaihae-hi-united-states","kihei-hi-united-states","koko-head-hi-united-states","lihue-hi-united-states","makaha-hi-united-states","manele-bay-hi-united-states"]},{"id":"paniolo-cable-network","name":"Paniolo Cable Network","rfs_year":2009,"is_planned":false,"landing_points":["hawaii-kai-hi-united-states","kaunakakai-hi-united-states","kawaihae-hi-united-states","kekaha-hi-united-states","lahaina-hi-united-states","makaha-hi-united-states","makena-hi-united-states"]},{"id":"sea-us","name":"SEA-US","rfs_year":2017,"is_planned":false,"landing_points":["davao-philippines","hermosa-beach-ca-united-states","kauditan-indonesia","magachgil-yap-micronesia","makaha-hi-united-states","ngeremlengui-palau","piti-guam"]}],"landing_points":["lihue-hi-united-states","makaha-hi-united-states","kawaihae-hi-united-states","koko-head-hi-united-states","kihei-hi-united-states","manele-bay-hi-united-states","kaunakakai-hi-united-states","piti-guam","davao-philippines","hermosa-beach-ca-united-states","kauditan-indonesia","magachgil-yap-micronesia","ngeremlengui-palau","makena-hi-united-states","lahaina-hi-united-states","kekaha-hi-united-states","hawaii-kai-hi-united-states","morro-bay-ca-united-states"]}
