{"id":"melkbosstrand-south-africa","name":"Melkbosstrand, South Africa","country":"South Africa","cables":[{"id":"equiano","name":"Equiano","rfs_year":2023,"is_planned":false,"landing_points":["lagos-nigeria","lome-togo","melkbosstrand-south-africa","ruperts-bay-saint-helena-ascension-and-tristan-da-cunha","sesimbra-portugal","swakopmund-namibia"]},{"id":"safe","name":"SAFE","rfs_year":2002,"is_planned":false,"landing_points":["baie-jacotet-mauritius","kochi-india","melkbosstrand-south-africa","mtunzini-south-africa","penang-malaysia","saint-paul-runion"]},{"id":"sat-3wasc","name":"SAT-3/WASC","rfs_year":2002,"is_planned":false,"landing_points":["abidjan-cte-divoire","accra-ghana","alta-vista-canary-islands-spain","cacuaco-angola","chipiona-spain","cotonou-benin","dakar-senegal","douala-cameroon","lagos-nigeria","libreville-gabon","melkbosstrand-south-africa","sesimbra-portugal"]}],"landing_points":["sesimbra-portugal","alta-vista-canary-islands-spain","dakar-senegal","accra-ghana","cotonou-benin","lagos-nigeria","libreville-gabon","cacuaco-angola","melkbosstrand-south-africa","douala-cameroon","abidjan-cte-divoire","penang-malaysia","kochi-india","baie-jacotet-mauritius","saint-paul-runion","mtunzini-south-africa","chipiona-spain","ruperts-bay-saint-helena-ascension-and-tristan-da-cunha","swakopmund-namibia","lome-togo"]}
