{"id":"nanhui-china","name":"Nanhui, China","country":"China","cables":[{"id":"asia-pacific-gateway-apg","name":"Asia Pacific Gateway (APG)","rfs_year":2016,"is_planned":false,"landing_points":["busan-south-korea","changi-south-singapore","cherating-malaysia","chongming-china","danang-vietnam","maruyama-japan","nanhui-china","shima-japan","songkhla-thailand","toucheng-taiwan","tseung-kwan-o-china"]},{"id":"eac-c2c","name":"EAC-C2C","rfs_year":2002,"is_planned":false,"landing_points":["ajigaura-japan","batangas-philippines","busan-south-korea","cavite-philippines","changi-north-singapore","changi-south-singapore","chikura-japan","chung-hom-kok-china","fangshan-taiwan","nanhui-china","pa-li-taiwan","qingdao-china","shima-japan","shindu-ri-south-korea","tanshui-taiwan","tseung-kwan-o-china"]},{"id":"flag-europe-asia-fea","name":"FLAG Europe-Asia (FEA)","rfs_year":1997,"is_planned":false,"landing_points":["alexandria-egypt","aqaba-jordan","estepona-spain","fujairah-united-arab-emirates","geoje-south-korea","jeddah-saudi-arabia","lantau-island-china","miura-japan","mumbai-india","nanhui-china","palermo-italy","penang-malaysia","port-said-egypt","porthcurno-united-kingdom","satun-thailand","songkhla-thailand","suez-egypt"]},{"id":"new-cross-pacific-ncp-cable-system","name":"New Cross Pacific (NCP) Cable System","rfs_year":2018,"is_planned":false,"landing_points":["busan-south-korea","chongming-china","lingang-china","maruyama-japan","nanhui-china","pacific-city-or-united-states","toucheng-taiwan"]}],"landing_points":["porthcurno-united-kingdom","mumbai-india","estepona-spain","palermo-italy","alexandria-egypt","suez-egypt","fujairah-united-arab-emirates","penang-malaysia","songkhla-thailand","lantau-island-china","miura-japan","jeddah-saudi-arabia","aqaba-jordan","satun-thailand","ajigaura-japan","shima-japan","cavite-philippines","pa-li-taiwan","shindu-ri-south-korea","tseung-kwan-o-china","qingdao-china","chikura-japan","tanshui-taiwan","fangshan-taiwan","batangas-philippines","chung-hom-kok-china","changi-south-singapore","busan-south-korea","maruyama-japan","chongming-china","nanhui-china","toucheng-taiwan","danang-vietnam","cherating-malaysia","changi-north-singapore","pacific-city-or-united-states","geoje-south-korea","lingang-china","port-said-egypt"]}
