{"id":"nasugbu-philippines","name":"Nasugbu, Philippines","country":"Philippines","cables":[{"id":"candle","name":"Candle","rfs_year":2028,"is_planned":true,"landing_points":["baler-philippines","batam-indonesia","changi-north-singapore","maruyama-japan","nasugbu-philippines","sedili-malaysia","toucheng-taiwan"]},{"id":"pldt-domestic-fiber-optic-network-dfon","name":"PLDT Domestic Fiber Optic Network (DFON)","rfs_year":1997,"is_planned":false,"landing_points":["butuan-city-philippines","cadiz-city-philippines","cagayan-de-oro-philippines","calbayog-philippines","cebu-philippines","dumaguete-philippines","legazpi-city-philippines","masbate-city-philippines","nasugbu-philippines","ormoc-philippines","ozamiz-city-philippines","pinamalayan-philippines","roxas-city-philippines"]},{"id":"southeast-asia-japan-cable-sjc","name":"Southeast Asia-Japan Cable (SJC)","rfs_year":2013,"is_planned":false,"landing_points":["chikura-japan","chung-hom-kok-china","nasugbu-philippines","shantou-china","telisai-brunei","tuas-singapore"]}],"landing_points":["chikura-japan","shantou-china","nasugbu-philippines","tuas-singapore","telisai-brunei","chung-hom-kok-china","pinamalayan-philippines","roxas-city-philippines","masbate-city-philippines","legazpi-city-philippines","calbayog-philippines","ormoc-philippines","cebu-philippines","cadiz-city-philippines","dumaguete-philippines","cagayan-de-oro-philippines","butuan-city-philippines","ozamiz-city-philippines","changi-north-singapore","batam-indonesia","maruyama-japan","toucheng-taiwan","baler-philippines","sedili-malaysia"]}
