{"id":"ormoc-philippines","name":"Ormoc, Philippines","country":"Philippines","cables":[{"id":"converge-domestic-submarine-cable-network-cdscn","name":"Converge Domestic Submarine Cable Network (CDSCN)","rfs_year":2021,"is_planned":false,"landing_points":["baclayon-philippines","bacong-philippines","bogo-philippines","boracay-philippines","buenavista-philippines","cagayan-de-oro-philippines","coron-philippines","leganes-philippines","masbate-city-philippines","milagros-philippines","naga-philippines","ormoc-philippines","pasacao-philippines","roxas-city-philippines","roxas-philippines","san-carlos-philippines","san-juan-philippines","san-remigio-philippines","tagbilaran-philippines","talisay-city-philippines","taytay-philippines","toledo-philippines"]},{"id":"pldt-domestic-fiber-optic-network-dfon","name":"PLDT Domestic Fiber Optic Network (DFON)","rfs_year":1997,"is_planned":false,"landing_points":["butuan-city-philippines","cadiz-city-philippines","cagayan-de-oro-philippines","calbayog-philippines","cebu-philippines","dumaguete-philippines","legazpi-city-philippines","masbate-city-philippines","nasugbu-philippines","ormoc-philippines","ozamiz-city-philippines","pinamalayan-philippines","roxas-city-philippines"]},{"id":"submarine-cable-in-the-philippines-scip","name":"Submarine Cable in the Philippines (SCiP)","rfs_year":2022,"is_planned":false,"landing_points":["allen-philippines","batangas-philippines","butuan-city-philippines","cagayan-de-oro-philippines","coron-philippines","daanbantayan-philippines","dumaguete-philippines","liloan-philippines","maasin-philippines","matnog-philippines","nabas-philippines","ormoc-philippines","pinamalayan-philippines","roxas-philippines","san-jose-philippines","talisay-philippines","taytay-philippines"]}],"landing_points":["nasugbu-philippines","pinamalayan-philippines","roxas-city-philippines","masbate-city-philippines","legazpi-city-philippines","calbayog-philippines","ormoc-philippines","cebu-philippines","cadiz-city-philippines","dumaguete-philippines","cagayan-de-oro-philippines","butuan-city-philippines","ozamiz-city-philippines","taytay-philippines","coron-philippines","pasacao-philippines","bogo-philippines","naga-philippines","buenavista-philippines","toledo-philippines","san-carlos-philippines","san-remigio-philippines","talisay-city-philippines","leganes-philippines","milagros-philippines","roxas-philippines","boracay-philippines","san-juan-philippines","bacong-philippines","tagbilaran-philippines","baclayon-philippines","batangas-philippines","nabas-philippines","daanbantayan-philippines","liloan-philippines","talisay-philippines","maasin-philippines","matnog-philippines","allen-philippines","san-jose-philippines"]}
