{"id":"piti-guam","name":"Piti, Guam","country":"Guam","cables":[{"id":"atisa","name":"Atisa","rfs_year":2017,"is_planned":false,"landing_points":["piti-guam","san-jose-northern-mariana-islands","sasanlagu-northern-mariana-islands","sugar-dock-saipan-northern-mariana-islands"]},{"id":"bulikula","name":"Bulikula","rfs_year":2026,"is_planned":true,"landing_points":["kapolei-hi-united-states","natadola-fiji","piti-guam","suva-fiji","tahiti-iti-french-polynesia","tahiti-nui-french-polynesia","tinian-northern-mariana-islands"]},{"id":"echo","name":"Echo","rfs_year":2025,"is_planned":false,"landing_points":["agat-guam","changi-north-singapore","eureka-ca-united-states","ngeremlengui-palau","piti-guam","tanjung-pakis-indonesia"]},{"id":"hantru1-cable-system","name":"HANTRU1 Cable System","rfs_year":2010,"is_planned":false,"landing_points":["kwajalein-marshall-islands","majuro-marshall-islands","piti-guam","pohnpei-micronesia"]},{"id":"japan-guam-australia-north-jga-n","name":"Japan-Guam-Australia North (JGA-N)","rfs_year":2020,"is_planned":false,"landing_points":["minamiboso-japan","piti-guam"]},{"id":"japan-guam-australia-south-jga-s","name":"Japan-Guam-Australia South (JGA-S)","rfs_year":2020,"is_planned":false,"landing_points":["brookvale-nsw-australia","maroochydore-qld-australia","piti-guam"]},{"id":"pipe-pacific-cable-1-ppc-1","name":"PIPE Pacific Cable-1 (PPC-1)","rfs_year":2009,"is_planned":false,"landing_points":["madang-papua-new-guinea","piti-guam","sydney-nsw-australia"]},{"id":"sea-us","name":"SEA-US","rfs_year":2017,"is_planned":false,"landing_points":["davao-philippines","hermosa-beach-ca-united-states","kauditan-indonesia","magachgil-yap-micronesia","makaha-hi-united-states","ngeremlengui-palau","piti-guam"]},{"id":"tata-tgn-pacific","name":"Tata TGN-Pacific","rfs_year":2002,"is_planned":false,"landing_points":["emi-japan","hillsboro-or-united-states","los-angeles-ca-united-states","piti-guam","toyohashi-japan"]}],"landing_points":["los-angeles-ca-united-states","toyohashi-japan","hillsboro-or-united-states","emi-japan","piti-guam","sydney-nsw-australia","madang-papua-new-guinea","majuro-marshall-islands","kwajalein-marshall-islands","pohnpei-micronesia","davao-philippines","hermosa-beach-ca-united-states","makaha-hi-united-states","kauditan-indonesia","sugar-dock-saipan-northern-mariana-islands","sasanlagu-northern-mariana-islands","san-jose-northern-mariana-islands","magachgil-yap-micronesia","ngeremlengui-palau","minamiboso-japan","maroochydore-qld-australia","eureka-ca-united-states","tanjung-pakis-indonesia","agat-guam","changi-north-singapore","brookvale-nsw-australia","suva-fiji","tinian-northern-mariana-islands","kapolei-hi-united-states","natadola-fiji","tahiti-iti-french-polynesia","tahiti-nui-french-polynesia"]}
