{"id":"salvador-brazil","name":"Salvador, Brazil","country":"Brazil","cables":[{"id":"america-movil-submarine-cable-system-1-amx-1","name":"America Movil Submarine Cable System-1 (AMX-1)","rfs_year":2014,"is_planned":false,"landing_points":["barranquilla-colombia","cancn-mexico","cartagena-colombia","fortaleza-brazil","hollywood-fl-united-states","jacksonville-fl-united-states","ponce-pr-united-states","puerto-barrios-guatemala","puerto-limon-costa-rica","puerto-plata-dominican-republic","rio-de-janeiro-brazil","salvador-brazil","san-juan-pr-united-states","santo-domingo-dominican-republic","schooner-bight-colombia"]},{"id":"brazilian-festoon","name":"Brazilian Festoon","rfs_year":1996,"is_planned":false,"landing_points":["aracaj-brazil","atafona-brazil","ilhus-brazil","joo-pessoa-brazil","maca-brazil","macei-brazil","natal-brazil","porto-seguro-brazil","recife-brazil","rio-de-janeiro-brazil","salvador-brazil","sitio-brazil","so-mateus-brazil","vitria-brazil"]},{"id":"south-america-1-sam-1","name":"South America-1 (SAm-1)","rfs_year":2001,"is_planned":false,"landing_points":["arica-chile","barranquilla-colombia","boca-raton-fl-united-states","fortaleza-brazil","las-toninas-argentina","lurin-peru","mancora-peru","puerto-barrios-guatemala","puerto-san-jose-guatemala","punta-cana-dominican-republic","punta-carnero-ecuador","rio-de-janeiro-brazil","salvador-brazil","san-juan-pr-united-states","santos-brazil","valparaso-chile"]}],"landing_points":["boca-raton-fl-united-states","san-juan-pr-united-states","fortaleza-brazil","rio-de-janeiro-brazil","santos-brazil","las-toninas-argentina","valparaso-chile","arica-chile","lurin-peru","puerto-san-jose-guatemala","puerto-barrios-guatemala","salvador-brazil","barranquilla-colombia","punta-carnero-ecuador","mancora-peru","jacksonville-fl-united-states","cancn-mexico","cartagena-colombia","puerto-plata-dominican-republic","so-mateus-brazil","porto-seguro-brazil","ilhus-brazil","aracaj-brazil","macei-brazil","recife-brazil","joo-pessoa-brazil","natal-brazil","vitria-brazil","maca-brazil","sitio-brazil","atafona-brazil","hollywood-fl-united-states","punta-cana-dominican-republic","schooner-bight-colombia","puerto-limon-costa-rica","ponce-pr-united-states","santo-domingo-dominican-republic"]}
