{"id":"san-sebastian-de-la-gomera-canary-islands-spain","name":"San Sebastian de la Gomera, Canary Islands, Spain","country":"Spain","cables":[{"id":"la-gomera-el-hierro","name":"La Gomera-El Hierro","rfs_year":null,"is_planned":false,"landing_points":["san-sebastian-de-la-gomera-canary-islands-spain","valverde-canary-islands-spain"]},{"id":"tegopa","name":"TEGOPA","rfs_year":1994,"is_planned":false,"landing_points":["granadilla-de-abona-spain","san-sebastian-de-la-gomera-canary-islands-spain","santa-cruz-de-la-palma-canary-islands-spain"]}],"landing_points":["santa-cruz-de-la-palma-canary-islands-spain","granadilla-de-abona-spain","san-sebastian-de-la-gomera-canary-islands-spain","valverde-canary-islands-spain"]}
