{"id":"sihanoukville-cambodia","name":"Sihanoukville, Cambodia","country":"Cambodia","cables":[{"id":"asia-africa-europe-1-aae-1","name":"Asia Africa Europe-1 (AAE-1)","rfs_year":2017,"is_planned":false,"landing_points":["abu-talat-egypt","aden-yemen","al-bustan-oman","bari-italy","cape-daguilar-china","chania-greece","djibouti-city-djibouti","doha-qatar","fujairah-united-arab-emirates","jeddah-saudi-arabia","karachi-pakistan","marseille-france","mumbai-india","ngwe-saung-myanmar","penang-malaysia","satun-thailand","sihanoukville-cambodia","songkhla-thailand","vung-tau-vietnam","zafarana-egypt"]},{"id":"malaysia-cambodia-thailand-mct-cable","name":"Malaysia-Cambodia-Thailand (MCT) Cable","rfs_year":2017,"is_planned":false,"landing_points":["cherating-malaysia","rayong-thailand","sihanoukville-cambodia"]},{"id":"sihanoukville-hong-kong-shv-hk","name":"Sihanoukville-Hong Kong (SHV-HK)","rfs_year":2026,"is_planned":true,"landing_points":["sihanoukville-cambodia","tseung-kwan-o-china"]}],"landing_points":["sihanoukville-cambodia","marseille-france","chania-greece","abu-talat-egypt","zafarana-egypt","djibouti-city-djibouti","fujairah-united-arab-emirates","karachi-pakistan","jeddah-saudi-arabia","doha-qatar","songkhla-thailand","satun-thailand","mumbai-india","aden-yemen","al-bustan-oman","bari-italy","cherating-malaysia","rayong-thailand","cape-daguilar-china","vung-tau-vietnam","ngwe-saung-myanmar","penang-malaysia","tseung-kwan-o-china"]}
