{"id":"st-croix-virgin-islands-virgin-islands-u-s-","name":"St. Croix, Virgin Islands, Virgin Islands (U.S.)","country":"Virgin Islands (U.S.)","cables":[{"id":"americas-ii-west","name":"Americas-II West","rfs_year":2000,"is_planned":false,"landing_points":["miramar-pr-united-states","st-croix-virgin-islands-virgin-islands-u-s-"]},{"id":"global-caribbean-network-gcn","name":"Global Caribbean Network (GCN)","rfs_year":2006,"is_planned":false,"landing_points":["baillif-guadeloupe","gustavia-saint-barthlemy","jarry-guadeloupe","marigot-saint-martin","san-juan-pr-united-states","st-croix-virgin-islands-virgin-islands-u-s-"]},{"id":"mid-atlantic-crossing-mac","name":"Mid-Atlantic Crossing (MAC)","rfs_year":2000,"is_planned":false,"landing_points":["brookhaven-ny-united-states","hollywood-fl-united-states","st-croix-virgin-islands-virgin-islands-u-s-"]},{"id":"south-american-crossing-sac","name":"South American Crossing (SAC)","rfs_year":2000,"is_planned":false,"landing_points":["buenaventura-colombia","coln-panama","fort-amador-panama","fortaleza-brazil","las-toninas-argentina","lurin-peru","puerto-viejo-venezuela","rio-de-janeiro-brazil","santos-brazil","st-croix-virgin-islands-virgin-islands-u-s-","valparaso-chile"]},{"id":"southern-caribbean-fiber","name":"Southern Caribbean Fiber","rfs_year":2006,"is_planned":false,"landing_points":["baie-mahault-guadeloupe","baillif-guadeloupe","basseterre-saint-kitts-and-nevis","bunkum-bay-montserrat","canefield-dominica","chaguaramas-trinidad-and-tobago","dickenson-bay-antigua-and-barbuda","gustavia-saint-barthlemy","kingstown-saint-vincent-and-the-grenadines","le-lamentin-martinique","needhams-point-barbados","point-salines-grenada","rodney-bay-saint-lucia","san-juan-pr-united-states","st-croix-virgin-islands-virgin-islands-u-s-","st-louis-saint-martin"]}],"landing_points":["brookhaven-ny-united-states","st-croix-virgin-islands-virgin-islands-u-s-","hollywood-fl-united-states","valparaso-chile","fortaleza-brazil","lurin-peru","rio-de-janeiro-brazil","santos-brazil","las-toninas-argentina","fort-amador-panama","puerto-viejo-venezuela","baillif-guadeloupe","needhams-point-barbados","basseterre-saint-kitts-and-nevis","rodney-bay-saint-lucia","kingstown-saint-vincent-and-the-grenadines","point-salines-grenada","chaguaramas-trinidad-and-tobago","le-lamentin-martinique","canefield-dominica","buenaventura-colombia","san-juan-pr-united-states","jarry-guadeloupe","marigot-saint-martin","baie-mahault-guadeloupe","st-louis-saint-martin","gustavia-saint-barthlemy","bunkum-bay-montserrat","dickenson-bay-antigua-and-barbuda","coln-panama","miramar-pr-united-states"]}
