{"id":"tanshui-taiwan","name":"Tanshui, Taiwan","country":"Taiwan","cables":[{"id":"apcn-2","name":"APCN-2","rfs_year":2001,"is_planned":false,"landing_points":["batangas-philippines","busan-south-korea","cherating-malaysia","chikura-japan","chongming-china","katong-singapore","kitaibaraki-japan","lantau-island-china","shantou-china","tanshui-taiwan"]},{"id":"eac-c2c","name":"EAC-C2C","rfs_year":2002,"is_planned":false,"landing_points":["ajigaura-japan","batangas-philippines","busan-south-korea","cavite-philippines","changi-north-singapore","changi-south-singapore","chikura-japan","chung-hom-kok-china","fangshan-taiwan","nanhui-china","pa-li-taiwan","qingdao-china","shima-japan","shindu-ri-south-korea","tanshui-taiwan","tseung-kwan-o-china"]},{"id":"faster","name":"FASTER","rfs_year":2016,"is_planned":false,"landing_points":["bandon-or-united-states","chikura-japan","shima-japan","tanshui-taiwan"]},{"id":"southeast-asia-japan-cable-2-sjc2","name":"Southeast Asia-Japan Cable 2 (SJC2)","rfs_year":2025,"is_planned":false,"landing_points":["busan-south-korea","changi-south-singapore","chikura-japan","chung-hom-kok-china","fangshan-taiwan","lingang-china","quy-nhon-vietnam","shima-japan","songkhla-thailand","tanshui-taiwan"]},{"id":"taiwan-matsu-no-4","name":"Taiwan-Matsu No.4","rfs_year":2026,"is_planned":true,"landing_points":["dongyin-taiwan","nangan-taiwan","tanshui-taiwan","xiju-taiwan"]},{"id":"taiwan-penghu-kinmen-matsu-no-2-tpkm2","name":"Taiwan Penghu Kinmen Matsu No.2 (TPKM2)","rfs_year":2000,"is_planned":false,"landing_points":["budai-taiwan","dongyin-taiwan","huxi-township-taiwan","jinhu-township-taiwan","tanshui-taiwan","yuanli-taiwan"]},{"id":"taiwan-strait-express-1-tse-1","name":"Taiwan Strait Express-1 (TSE-1)","rfs_year":2013,"is_planned":false,"landing_points":["fuzhou-china","tanshui-taiwan"]},{"id":"trans-pacific-express-tpe-cable-system","name":"Trans-Pacific Express (TPE) Cable System","rfs_year":2008,"is_planned":false,"landing_points":["chongming-china","geoje-south-korea","maruyama-japan","nedonna-beach-or-united-states","qingdao-china","tanshui-taiwan"]}],"landing_points":["chikura-japan","busan-south-korea","shantou-china","cherating-malaysia","kitaibaraki-japan","lantau-island-china","chongming-china","katong-singapore","batangas-philippines","tanshui-taiwan","qingdao-china","nedonna-beach-or-united-states","ajigaura-japan","shima-japan","cavite-philippines","pa-li-taiwan","shindu-ri-south-korea","tseung-kwan-o-china","fangshan-taiwan","chung-hom-kok-china","changi-south-singapore","fuzhou-china","maruyama-japan","changi-north-singapore","bandon-or-united-states","songkhla-thailand","lingang-china","quy-nhon-vietnam","geoje-south-korea","nanhui-china","dongyin-taiwan","yuanli-taiwan","jinhu-township-taiwan","budai-taiwan","huxi-township-taiwan","nangan-taiwan","xiju-taiwan"]}
