{"id":"vung-tau-vietnam","name":"Vung Tau, Vietnam","country":"Vietnam","cables":[{"id":"asia-africa-europe-1-aae-1","name":"Asia Africa Europe-1 (AAE-1)","rfs_year":2017,"is_planned":false,"landing_points":["abu-talat-egypt","aden-yemen","al-bustan-oman","bari-italy","cape-daguilar-china","chania-greece","djibouti-city-djibouti","doha-qatar","fujairah-united-arab-emirates","jeddah-saudi-arabia","karachi-pakistan","marseille-france","mumbai-india","ngwe-saung-myanmar","penang-malaysia","satun-thailand","sihanoukville-cambodia","songkhla-thailand","vung-tau-vietnam","zafarana-egypt"]},{"id":"asia-america-gateway-aag-cable-system","name":"Asia-America Gateway (AAG) Cable System","rfs_year":2009,"is_planned":false,"landing_points":["changi-north-singapore","keawaula-hi-united-states","la-union-philippines","lantau-island-china","mersing-malaysia","morro-bay-ca-united-states","sriracha-thailand","tanguisson-point-guam","tungku-brunei","vung-tau-vietnam"]},{"id":"tata-tgn-intra-asia-tgn-ia","name":"Tata TGN-Intra Asia (TGN-IA)","rfs_year":2009,"is_planned":false,"landing_points":["ballesteros-philippines","changi-north-singapore","deep-water-bay-china","vung-tau-vietnam"]},{"id":"vietnam-singapore-cable-system-vts","name":"Vietnam-Singapore Cable System (VTS)","rfs_year":2027,"is_planned":true,"landing_points":["changi-singapore","kuala-sedili-malaysia","songkhla-thailand","vung-tau-vietnam"]}],"landing_points":["mersing-malaysia","sriracha-thailand","tungku-brunei","vung-tau-vietnam","lantau-island-china","ballesteros-philippines","deep-water-bay-china","keawaula-hi-united-states","tanguisson-point-guam","la-union-philippines","changi-north-singapore","marseille-france","chania-greece","abu-talat-egypt","zafarana-egypt","djibouti-city-djibouti","fujairah-united-arab-emirates","karachi-pakistan","jeddah-saudi-arabia","doha-qatar","songkhla-thailand","satun-thailand","sihanoukville-cambodia","mumbai-india","aden-yemen","al-bustan-oman","bari-italy","cape-daguilar-china","ngwe-saung-myanmar","penang-malaysia","morro-bay-ca-united-states","changi-singapore","kuala-sedili-malaysia"]}
