{"id":"ashkelon-israel","name":"Ashkelon, Israel","country":"Israel","cables":[{"id":"emc-west-2","name":"EMC West-2","rfs_year":2027,"is_planned":true,"landing_points":["ashkelon-israel","haql-saudi-arabia","marseille-france","tympaki-greece"]},{"id":"israel-coasting-1-ic-1","name":"Israel Coasting 1 (IC-1)","rfs_year":2000,"is_planned":false,"landing_points":["ashkelon-israel","haifa-israel","herzeliyya-israel","nahariyya-israel","netanya-israel","rishon-lezion-israel","tel-aviv-israel"]}],"landing_points":["nahariyya-israel","haifa-israel","netanya-israel","herzeliyya-israel","tel-aviv-israel","rishon-lezion-israel","ashkelon-israel","marseille-france","tympaki-greece","haql-saudi-arabia"]}
