{"id":"barranquilla-colombia","name":"Barranquilla, Colombia","country":"Colombia","cables":[{"id":"america-movil-submarine-cable-system-1-amx-1","name":"America Movil Submarine Cable System-1 (AMX-1)","rfs_year":2014,"is_planned":false,"landing_points":["barranquilla-colombia","cancn-mexico","cartagena-colombia","fortaleza-brazil","hollywood-fl-united-states","jacksonville-fl-united-states","ponce-pr-united-states","puerto-barrios-guatemala","puerto-limon-costa-rica","puerto-plata-dominican-republic","rio-de-janeiro-brazil","salvador-brazil","san-juan-pr-united-states","santo-domingo-dominican-republic","schooner-bight-colombia"]},{"id":"carnival-submarine-network-1-csn-1","name":"Carnival Submarine Network-1 (CSN-1)","rfs_year":2026,"is_planned":true,"landing_points":["ancon-ecuador","barranquilla-colombia","cancn-mexico","cristbal-panama","naples-fl-united-states","panama-city-panama"]},{"id":"globenet","name":"GlobeNet","rfs_year":2000,"is_planned":false,"landing_points":["barranquilla-colombia","boca-raton-fl-united-states","fortaleza-brazil","maiquetia-venezuela","rio-de-janeiro-brazil","st-davids-bermuda","tuckerton-nj-united-states"]},{"id":"south-america-1-sam-1","name":"South America-1 (SAm-1)","rfs_year":2001,"is_planned":false,"landing_points":["arica-chile","barranquilla-colombia","boca-raton-fl-united-states","fortaleza-brazil","las-toninas-argentina","lurin-peru","mancora-peru","puerto-barrios-guatemala","puerto-san-jose-guatemala","punta-cana-dominican-republic","punta-carnero-ecuador","rio-de-janeiro-brazil","salvador-brazil","san-juan-pr-united-states","santos-brazil","valparaso-chile"]},{"id":"tam-1","name":"TAM-1","rfs_year":2025,"is_planned":true,"landing_points":["barranquilla-colombia","butler-bay-virgin-islands-u-s-","cancn-mexico","hollywood-fl-united-states","maria-chiquita-panama","puerto-barrios-guatemala","puerto-cortes-honduras","puerto-limon-costa-rica","san-juan-pr-united-states","vero-beach-fl-united-states"]}],"landing_points":["tuckerton-nj-united-states","st-davids-bermuda","boca-raton-fl-united-states","san-juan-pr-united-states","fortaleza-brazil","rio-de-janeiro-brazil","santos-brazil","las-toninas-argentina","valparaso-chile","arica-chile","lurin-peru","puerto-san-jose-guatemala","puerto-barrios-guatemala","salvador-brazil","barranquilla-colombia","punta-carnero-ecuador","mancora-peru","jacksonville-fl-united-states","cancn-mexico","cartagena-colombia","puerto-plata-dominican-republic","hollywood-fl-united-states","punta-cana-dominican-republic","maiquetia-venezuela","schooner-bight-colombia","ancon-ecuador","panama-city-panama","cristbal-panama","naples-fl-united-states","puerto-limon-costa-rica","ponce-pr-united-states","santo-domingo-dominican-republic","vero-beach-fl-united-states","puerto-cortes-honduras","maria-chiquita-panama","butler-bay-virgin-islands-u-s-"]}
