{"id":"bude-united-kingdom","name":"Bude, United Kingdom","country":"United Kingdom","cables":[{"id":"2africa","name":"2Africa","rfs_year":2024,"is_planned":false,"landing_points":["abidjan-cte-divoire","abu-dhabi-united-arab-emirates","accra-ghana","al-faw-iraq","al-khobar-saudi-arabia","amanzimtoti-south-africa","barcelona-spain","barka-oman","berbera-somalia","bude-united-kingdom","carana-seychelles","carcavelos-portugal","dakar-senegal","dar-es-salaam-tanzania","djibouti-city-djibouti","doha-qatar","duba-saudi-arabia","duynefontein-south-africa","genoa-italy","gqeberha-south-africa","gran-canaria-canary-islands-spain","jeddah-saudi-arabia","kalba-united-arab-emirates","karachi-pakistan","kuwait-city-kuwait","kwa-ibo-nigeria","lagos-nigeria","libreville-gabon","luanda-angola","mahajanga-madagascar","manama-bahrain","maputo-mozambique","marseille-france","mogadishu-somalia","mombasa-kenya","moroni-comoros","mtwapa-kenya","muanda-congo-dem-rep-","mumbai-india","nacala-mozambique","pointe-noire-congo-rep-","port-said-egypt","port-sudan-sudan","ras-ghareb-egypt","salalah-oman","suez-egypt","tympaki-greece","yanbu-saudi-arabia","yzerfontein-south-africa","zafarana-egypt"]},{"id":"amitie","name":"Amitie","rfs_year":2023,"is_planned":false,"landing_points":["bude-united-kingdom","le-porge-france","lynn-ma-united-states"]},{"id":"apollo","name":"Apollo","rfs_year":2003,"is_planned":false,"landing_points":["bude-united-kingdom","lannion-france","manasquan-nj-united-states","shirley-ny-united-states"]},{"id":"beaufort","name":"Beaufort","rfs_year":2027,"is_planned":true,"landing_points":["bude-united-kingdom","kilmore-quay-ireland","port-eynon-united-kingdom"]},{"id":"europe-india-gateway-eig","name":"Europe India Gateway (EIG)","rfs_year":2011,"is_planned":false,"landing_points":["abu-talat-egypt","barka-oman","bude-united-kingdom","fujairah-united-arab-emirates","gibraltar-gibraltar","haramous-djibouti","jeddah-saudi-arabia","monaco-monaco","mumbai-india","sesimbra-portugal","tripoli-libya","zafarana-egypt"]},{"id":"glo-1","name":"Glo-1","rfs_year":2010,"is_planned":false,"landing_points":["accra-ghana","bude-united-kingdom","lagos-nigeria"]},{"id":"grace-hopper","name":"Grace Hopper","rfs_year":2022,"is_planned":false,"landing_points":["bellport-ny-united-states","bilbao-spain","bude-united-kingdom"]},{"id":"pan-european-crossing-uk-ireland","name":"Pan European Crossing (UK-Ireland)","rfs_year":2000,"is_planned":false,"landing_points":["ballinesker-ireland","ballygrangans-ireland","bude-united-kingdom","whitesands-bay-united-kingdom"]},{"id":"yellow","name":"Yellow","rfs_year":2000,"is_planned":false,"landing_points":["bellport-ny-united-states","bude-united-kingdom"]}],"landing_points":["bude-united-kingdom","bellport-ny-united-states","lagos-nigeria","whitesands-bay-united-kingdom","ballygrangans-ireland","ballinesker-ireland","barka-oman","monaco-monaco","jeddah-saudi-arabia","mumbai-india","tripoli-libya","haramous-djibouti","gibraltar-gibraltar","fujairah-united-arab-emirates","sesimbra-portugal","accra-ghana","zafarana-egypt","abu-talat-egypt","shirley-ny-united-states","manasquan-nj-united-states","lannion-france","suez-egypt","ras-ghareb-egypt","port-said-egypt","genoa-italy","marseille-france","barcelona-spain","port-sudan-sudan","salalah-oman","djibouti-city-djibouti","mogadishu-somalia","mombasa-kenya","dar-es-salaam-tanzania","maputo-mozambique","nacala-mozambique","mahajanga-madagascar","gqeberha-south-africa","muanda-congo-dem-rep-","pointe-noire-congo-rep-","libreville-gabon","abidjan-cte-divoire","dakar-senegal","yanbu-saudi-arabia","carcavelos-portugal","bilbao-spain","lynn-ma-united-states","le-porge-france","kwa-ibo-nigeria","luanda-angola","moroni-comoros","gran-canaria-canary-islands-spain","carana-seychelles","abu-dhabi-united-arab-emirates","kalba-united-arab-emirates","doha-qatar","manama-bahrain","al-faw-iraq","kuwait-city-kuwait","al-khobar-saudi-arabia","karachi-pakistan","duba-saudi-arabia","berbera-somalia","tympaki-greece","yzerfontein-south-africa","amanzimtoti-south-africa","mtwapa-kenya","kilmore-quay-ireland","port-eynon-united-kingdom","duynefontein-south-africa"]}
