{"id":"calbayog-philippines","name":"Calbayog, Philippines","country":"Philippines","cables":[{"id":"philippine-domestic-submarine-cable-network-pdscn","name":"Philippine Domestic Submarine Cable Network (PDSCN)","rfs_year":2023,"is_planned":false,"landing_points":["baclayon-philippines","bacolod-philippines","boac-philippines","boracay-philippines","bulan-philippines","cagayan-de-oro-philippines","cagdianao-philippines","calatrava-philippines","calbayog-philippines","camiguin-island-philippines","caticlan-philippines","dipolog-city-philippines","ilijan-philippines","iloilo-city-philippines","kinoguitan-philippines","liloan-philippines","liloy-philippines","lucena-philippines","maasin-philippines","palanas-philippines","palompon-philippines","pasacao-philippines","pinamalayan-philippines","placer-philippines","roxas-city-philippines","san-carlos-philippines","siargao-island-philippines","surigao-city-philippines","tagbilaran-philippines","talisay-philippines","toledo-philippines","zamboanga-philippines","zamboanguita-philippines"]},{"id":"pldt-domestic-fiber-optic-network-dfon","name":"PLDT Domestic Fiber Optic Network (DFON)","rfs_year":1997,"is_planned":false,"landing_points":["butuan-city-philippines","cadiz-city-philippines","cagayan-de-oro-philippines","calbayog-philippines","cebu-philippines","dumaguete-philippines","legazpi-city-philippines","masbate-city-philippines","nasugbu-philippines","ormoc-philippines","ozamiz-city-philippines","pinamalayan-philippines","roxas-city-philippines"]}],"landing_points":["nasugbu-philippines","pinamalayan-philippines","roxas-city-philippines","masbate-city-philippines","legazpi-city-philippines","calbayog-philippines","ormoc-philippines","cebu-philippines","cadiz-city-philippines","dumaguete-philippines","cagayan-de-oro-philippines","butuan-city-philippines","ozamiz-city-philippines","ilijan-philippines","boracay-philippines","lucena-philippines","boac-philippines","calatrava-philippines","iloilo-city-philippines","placer-philippines","bacolod-philippines","san-carlos-philippines","toledo-philippines","zamboanguita-philippines","dipolog-city-philippines","surigao-city-philippines","maasin-philippines","liloan-philippines","palompon-philippines","palanas-philippines","bulan-philippines","caticlan-philippines","cagdianao-philippines","siargao-island-philippines","kinoguitan-philippines","camiguin-island-philippines","talisay-philippines","tagbilaran-philippines","baclayon-philippines","liloy-philippines","zamboanga-philippines","pasacao-philippines"]}
