{"id":"changi-north-singapore","name":"Changi North, Singapore","country":"Singapore","cables":[{"id":"asia-america-gateway-aag-cable-system","name":"Asia-America Gateway (AAG) Cable System","rfs_year":2009,"is_planned":false,"landing_points":["changi-north-singapore","keawaula-hi-united-states","la-union-philippines","lantau-island-china","mersing-malaysia","morro-bay-ca-united-states","sriracha-thailand","tanguisson-point-guam","tungku-brunei","vung-tau-vietnam"]},{"id":"batam-singapore-cable-system-bscs","name":"Batam Singapore Cable System (BSCS)","rfs_year":2009,"is_planned":false,"landing_points":["batam-indonesia","changi-north-singapore"]},{"id":"candle","name":"Candle","rfs_year":2028,"is_planned":true,"landing_points":["baler-philippines","batam-indonesia","changi-north-singapore","maruyama-japan","nasugbu-philippines","sedili-malaysia","toucheng-taiwan"]},{"id":"eac-c2c","name":"EAC-C2C","rfs_year":2002,"is_planned":false,"landing_points":["ajigaura-japan","batangas-philippines","busan-south-korea","cavite-philippines","changi-north-singapore","changi-south-singapore","chikura-japan","chung-hom-kok-china","fangshan-taiwan","nanhui-china","pa-li-taiwan","qingdao-china","shima-japan","shindu-ri-south-korea","tanshui-taiwan","tseung-kwan-o-china"]},{"id":"echo","name":"Echo","rfs_year":2025,"is_planned":false,"landing_points":["agat-guam","changi-north-singapore","eureka-ca-united-states","ngeremlengui-palau","piti-guam","tanjung-pakis-indonesia"]},{"id":"jakabare","name":"JAKABARE","rfs_year":2009,"is_planned":false,"landing_points":["changi-north-singapore","sungai-kakap-indonesia","tanjung-bemban-indonesia","tanjung-pakis-indonesia"]},{"id":"moratelindo-international-cable-system-1-mic-1","name":"Moratelindo International Cable System-1 (MIC-1)","rfs_year":2008,"is_planned":false,"landing_points":["batam-indonesia","changi-north-singapore"]},{"id":"rising-8","name":"RISING 8","rfs_year":2026,"is_planned":true,"landing_points":["changi-north-singapore","tanjung-bemban-indonesia","tanjung-pakis-indonesia"]},{"id":"tata-tgn-intra-asia-tgn-ia","name":"Tata TGN-Intra Asia (TGN-IA)","rfs_year":2009,"is_planned":false,"landing_points":["ballesteros-philippines","changi-north-singapore","deep-water-bay-china","vung-tau-vietnam"]},{"id":"tata-tgn-tata-indicom","name":"Tata TGN-Tata Indicom","rfs_year":2004,"is_planned":false,"landing_points":["changi-north-singapore","chennai-india"]},{"id":"thailand-indonesia-singapore-tis","name":"Thailand-Indonesia-Singapore (TIS)","rfs_year":2003,"is_planned":false,"landing_points":["batam-indonesia","changi-north-singapore","songkhla-thailand"]}],"landing_points":["songkhla-thailand","batam-indonesia","chennai-india","mersing-malaysia","sriracha-thailand","tungku-brunei","vung-tau-vietnam","lantau-island-china","ballesteros-philippines","deep-water-bay-china","keawaula-hi-united-states","tanguisson-point-guam","ajigaura-japan","shima-japan","cavite-philippines","pa-li-taiwan","shindu-ri-south-korea","tseung-kwan-o-china","qingdao-china","chikura-japan","tanshui-taiwan","fangshan-taiwan","batangas-philippines","chung-hom-kok-china","changi-south-singapore","busan-south-korea","sungai-kakap-indonesia","tanjung-pakis-indonesia","tanjung-bemban-indonesia","la-union-philippines","changi-north-singapore","eureka-ca-united-states","nanhui-china","piti-guam","agat-guam","ngeremlengui-palau","morro-bay-ca-united-states","nasugbu-philippines","maruyama-japan","toucheng-taiwan","baler-philippines","sedili-malaysia"]}
