{"id":"cordova-ak-united-states","name":"Cordova, AK, United States","country":"United States","cables":[{"id":"fish-north","name":"FISH North","rfs_year":2011,"is_planned":false,"landing_points":["cordova-ak-united-states","valdez-ak-united-states"]},{"id":"fish-south","name":"FISH South","rfs_year":2026,"is_planned":true,"landing_points":["cordova-ak-united-states","gustavus-ak-united-states","hoonah-ak-united-states","juneau-ak-united-states","pelican-ak-united-states","yakutat-ak-united-states"]},{"id":"fish-west","name":"FISH West","rfs_year":2027,"is_planned":true,"landing_points":["chenega-ak-united-states","cordova-ak-united-states","johnstone-point-ak-united-states","seward-ak-united-states"]}],"landing_points":["valdez-ak-united-states","cordova-ak-united-states","seward-ak-united-states","johnstone-point-ak-united-states","chenega-ak-united-states","yakutat-ak-united-states","pelican-ak-united-states","gustavus-ak-united-states","hoonah-ak-united-states","juneau-ak-united-states"]}
