{"id":"djibouti-city-djibouti","name":"Djibouti City, Djibouti","country":"Djibouti","cables":[{"id":"2africa","name":"2Africa","rfs_year":2024,"is_planned":false,"landing_points":["abidjan-cte-divoire","abu-dhabi-united-arab-emirates","accra-ghana","al-faw-iraq","al-khobar-saudi-arabia","amanzimtoti-south-africa","barcelona-spain","barka-oman","berbera-somalia","bude-united-kingdom","carana-seychelles","carcavelos-portugal","dakar-senegal","dar-es-salaam-tanzania","djibouti-city-djibouti","doha-qatar","duba-saudi-arabia","duynefontein-south-africa","genoa-italy","gqeberha-south-africa","gran-canaria-canary-islands-spain","jeddah-saudi-arabia","kalba-united-arab-emirates","karachi-pakistan","kuwait-city-kuwait","kwa-ibo-nigeria","lagos-nigeria","libreville-gabon","luanda-angola","mahajanga-madagascar","manama-bahrain","maputo-mozambique","marseille-france","mogadishu-somalia","mombasa-kenya","moroni-comoros","mtwapa-kenya","muanda-congo-dem-rep-","mumbai-india","nacala-mozambique","pointe-noire-congo-rep-","port-said-egypt","port-sudan-sudan","ras-ghareb-egypt","salalah-oman","suez-egypt","tympaki-greece","yanbu-saudi-arabia","yzerfontein-south-africa","zafarana-egypt"]},{"id":"aden-djibouti","name":"Aden-Djibouti","rfs_year":1994,"is_planned":false,"landing_points":["aden-yemen","djibouti-city-djibouti"]},{"id":"africa-1","name":"Africa-1","rfs_year":2026,"is_planned":true,"landing_points":["al-hudaydah-yemen","bejaia-algeria","berbera-somalia","djibouti-city-djibouti","duba-saudi-arabia","kalba-united-arab-emirates","karachi-pakistan","marseille-france","mombasa-kenya","port-said-egypt","ras-ghareb-egypt"]},{"id":"asia-africa-europe-1-aae-1","name":"Asia Africa Europe-1 (AAE-1)","rfs_year":2017,"is_planned":false,"landing_points":["abu-talat-egypt","aden-yemen","al-bustan-oman","bari-italy","cape-daguilar-china","chania-greece","djibouti-city-djibouti","doha-qatar","fujairah-united-arab-emirates","jeddah-saudi-arabia","karachi-pakistan","marseille-france","mumbai-india","ngwe-saung-myanmar","penang-malaysia","satun-thailand","sihanoukville-cambodia","songkhla-thailand","vung-tau-vietnam","zafarana-egypt"]},{"id":"djibouti-africa-regional-express-1-dare-1","name":"Djibouti Africa Regional Express 1 (DARE 1)","rfs_year":2021,"is_planned":false,"landing_points":["beira-mozambique","bosaso-somalia","dar-es-salaam-tanzania","djibouti-city-djibouti","mahajanga-madagascar","maputo-mozambique","mogadishu-somalia","mombasa-kenya","mtunzini-south-africa","mtwara-tanzania","nacala-mozambique","toliara-madagascar"]},{"id":"india-europe-xpress-iex","name":"India Europe Xpress (IEX)","rfs_year":2026,"is_planned":true,"landing_points":["djibouti-city-djibouti","jeddah-saudi-arabia","marseille-france","mumbai-india","neom-saudi-arabia","salalah-oman","savona-italy","sidi-kerir-egypt","tympaki-greece","yanbu-saudi-arabia","zafarana-egypt"]},{"id":"raman","name":"Raman","rfs_year":2026,"is_planned":true,"landing_points":["aqaba-jordan","barka-oman","djibouti-city-djibouti","duba-saudi-arabia","mumbai-india","salalah-oman"]},{"id":"seacomtata-tgn-eurasia","name":"SEACOM/Tata TGN-Eurasia","rfs_year":2009,"is_planned":false,"landing_points":["dar-es-salaam-tanzania","djibouti-city-djibouti","jeddah-saudi-arabia","maputo-mozambique","mombasa-kenya","mtunzini-south-africa","mumbai-india","zafarana-egypt"]},{"id":"seamewe-6","name":"SeaMeWe-6","rfs_year":2026,"is_planned":true,"landing_points":["abu-dhabi-united-arab-emirates","chennai-india","coxs-bazar-bangladesh","djibouti-city-djibouti","doha-qatar","hulhumale-maldives","karachi-pakistan","manama-bahrain","marseille-france","matara-sri-lanka","morib-malaysia","mumbai-india","muscat-oman","port-said-egypt","ras-ghareb-egypt","tuas-singapore","yanbu-saudi-arabia"]}],"landing_points":["aden-yemen","djibouti-city-djibouti","mumbai-india","mtunzini-south-africa","maputo-mozambique","dar-es-salaam-tanzania","mombasa-kenya","zafarana-egypt","jeddah-saudi-arabia","marseille-france","chania-greece","abu-talat-egypt","fujairah-united-arab-emirates","karachi-pakistan","doha-qatar","songkhla-thailand","satun-thailand","sihanoukville-cambodia","al-bustan-oman","bari-italy","cape-daguilar-china","vung-tau-vietnam","ngwe-saung-myanmar","mogadishu-somalia","bosaso-somalia","berbera-somalia","kalba-united-arab-emirates","suez-egypt","ras-ghareb-egypt","port-said-egypt","bude-united-kingdom","genoa-italy","barcelona-spain","port-sudan-sudan","salalah-oman","nacala-mozambique","mahajanga-madagascar","gqeberha-south-africa","muanda-congo-dem-rep-","pointe-noire-congo-rep-","libreville-gabon","lagos-nigeria","accra-ghana","abidjan-cte-divoire","dakar-senegal","yanbu-saudi-arabia","carcavelos-portugal","duba-saudi-arabia","al-hudaydah-yemen","sidi-kerir-egypt","savona-italy","barka-oman","aqaba-jordan","kwa-ibo-nigeria","luanda-angola","moroni-comoros","gran-canaria-canary-islands-spain","carana-seychelles","penang-malaysia","abu-dhabi-united-arab-emirates","manama-bahrain","al-faw-iraq","kuwait-city-kuwait","al-khobar-saudi-arabia","hulhumale-maldives","matara-sri-lanka","coxs-bazar-bangladesh","morib-malaysia","tuas-singapore","tympaki-greece","neom-saudi-arabia","bejaia-algeria","yzerfontein-south-africa","amanzimtoti-south-africa","mtwapa-kenya","muscat-oman","chennai-india","duynefontein-south-africa","mtwara-tanzania","beira-mozambique","toliara-madagascar"]}
