{"id":"doha-qatar","name":"Doha, Qatar","country":"Qatar","cables":[{"id":"2africa","name":"2Africa","rfs_year":2024,"is_planned":false,"landing_points":["abidjan-cte-divoire","abu-dhabi-united-arab-emirates","accra-ghana","al-faw-iraq","al-khobar-saudi-arabia","amanzimtoti-south-africa","barcelona-spain","barka-oman","berbera-somalia","bude-united-kingdom","carana-seychelles","carcavelos-portugal","dakar-senegal","dar-es-salaam-tanzania","djibouti-city-djibouti","doha-qatar","duba-saudi-arabia","duynefontein-south-africa","genoa-italy","gqeberha-south-africa","gran-canaria-canary-islands-spain","jeddah-saudi-arabia","kalba-united-arab-emirates","karachi-pakistan","kuwait-city-kuwait","kwa-ibo-nigeria","lagos-nigeria","libreville-gabon","luanda-angola","mahajanga-madagascar","manama-bahrain","maputo-mozambique","marseille-france","mogadishu-somalia","mombasa-kenya","moroni-comoros","mtwapa-kenya","muanda-congo-dem-rep-","mumbai-india","nacala-mozambique","pointe-noire-congo-rep-","port-said-egypt","port-sudan-sudan","ras-ghareb-egypt","salalah-oman","suez-egypt","tympaki-greece","yanbu-saudi-arabia","yzerfontein-south-africa","zafarana-egypt"]},{"id":"asia-africa-europe-1-aae-1","name":"Asia Africa Europe-1 (AAE-1)","rfs_year":2017,"is_planned":false,"landing_points":["abu-talat-egypt","aden-yemen","al-bustan-oman","bari-italy","cape-daguilar-china","chania-greece","djibouti-city-djibouti","doha-qatar","fujairah-united-arab-emirates","jeddah-saudi-arabia","karachi-pakistan","marseille-france","mumbai-india","ngwe-saung-myanmar","penang-malaysia","satun-thailand","sihanoukville-cambodia","songkhla-thailand","vung-tau-vietnam","zafarana-egypt"]},{"id":"falcon","name":"FALCON","rfs_year":2006,"is_planned":false,"landing_points":["al-faw-iraq","al-ghaydah-yemen","al-hudaydah-yemen","al-khobar-saudi-arabia","al-safat-kuwait","al-seeb-oman","bandar-abbas-iran","chabahar-iran","colombo-sri-lanka","doha-qatar","dubai-united-arab-emirates","jeddah-saudi-arabia","khasab-oman","male-maldives","manama-bahrain","mumbai-india","port-sudan-sudan","suez-egypt","trivandrum-india"]},{"id":"fiber-optic-gulf-fog","name":"Fiber Optic Gulf (FOG)","rfs_year":1998,"is_planned":false,"landing_points":["doha-qatar","dubai-united-arab-emirates","kuwait-city-kuwait","manama-bahrain"]},{"id":"qatar-u-a-e-submarine-cable-system","name":"Qatar-U.A.E. Submarine Cable System","rfs_year":2004,"is_planned":false,"landing_points":["abu-dhabi-united-arab-emirates","das-island-united-arab-emirates","doha-qatar","halul-island-qatar"]},{"id":"seamewe-6","name":"SeaMeWe-6","rfs_year":2026,"is_planned":true,"landing_points":["abu-dhabi-united-arab-emirates","chennai-india","coxs-bazar-bangladesh","djibouti-city-djibouti","doha-qatar","hulhumale-maldives","karachi-pakistan","manama-bahrain","marseille-france","matara-sri-lanka","morib-malaysia","mumbai-india","muscat-oman","port-said-egypt","ras-ghareb-egypt","tuas-singapore","yanbu-saudi-arabia"]}],"landing_points":["dubai-united-arab-emirates","doha-qatar","manama-bahrain","kuwait-city-kuwait","halul-island-qatar","das-island-united-arab-emirates","abu-dhabi-united-arab-emirates","mumbai-india","suez-egypt","al-safat-kuwait","al-seeb-oman","khasab-oman","al-ghaydah-yemen","jeddah-saudi-arabia","al-hudaydah-yemen","port-sudan-sudan","al-khobar-saudi-arabia","chabahar-iran","bandar-abbas-iran","al-faw-iraq","marseille-france","chania-greece","abu-talat-egypt","zafarana-egypt","djibouti-city-djibouti","fujairah-united-arab-emirates","karachi-pakistan","songkhla-thailand","satun-thailand","sihanoukville-cambodia","aden-yemen","al-bustan-oman","bari-italy","cape-daguilar-china","vung-tau-vietnam","ngwe-saung-myanmar","male-maldives","trivandrum-india","colombo-sri-lanka","ras-ghareb-egypt","port-said-egypt","bude-united-kingdom","genoa-italy","barcelona-spain","salalah-oman","mogadishu-somalia","mombasa-kenya","dar-es-salaam-tanzania","maputo-mozambique","nacala-mozambique","mahajanga-madagascar","gqeberha-south-africa","muanda-congo-dem-rep-","pointe-noire-congo-rep-","libreville-gabon","lagos-nigeria","accra-ghana","abidjan-cte-divoire","dakar-senegal","yanbu-saudi-arabia","carcavelos-portugal","kwa-ibo-nigeria","luanda-angola","moroni-comoros","gran-canaria-canary-islands-spain","carana-seychelles","penang-malaysia","barka-oman","kalba-united-arab-emirates","duba-saudi-arabia","hulhumale-maldives","matara-sri-lanka","coxs-bazar-bangladesh","morib-malaysia","tuas-singapore","berbera-somalia","tympaki-greece","yzerfontein-south-africa","amanzimtoti-south-africa","mtwapa-kenya","muscat-oman","chennai-india","duynefontein-south-africa"]}
