{"id":"el-goro-canary-islands-spain","name":"El Goro, Canary Islands, Spain","country":"Spain","cables":[{"id":"canalink","name":"Canalink","rfs_year":2011,"is_planned":false,"landing_points":["asilah-morocco","conil-de-la-frontera-spain","el-goro-canary-islands-spain","gimar-canary-islands-spain","granadilla-de-abona-spain","rota-spain","santa-cruz-de-la-palma-canary-islands-spain","tinocas-canary-islands-spain"]},{"id":"west-africa-cable-system-wacs","name":"West Africa Cable System (WACS)","rfs_year":2012,"is_planned":false,"landing_points":["abidjan-cte-divoire","accra-ghana","el-goro-canary-islands-spain","lagos-nigeria","limbe-cameroon","lome-togo","muanda-congo-dem-rep-","pointe-noire-congo-rep-","praia-cape-verde","sangano-angola","seixal-portugal","swakopmund-namibia","yzerfontein-south-africa"]}],"landing_points":["muanda-congo-dem-rep-","pointe-noire-congo-rep-","lagos-nigeria","lome-togo","accra-ghana","abidjan-cte-divoire","seixal-portugal","yzerfontein-south-africa","swakopmund-namibia","limbe-cameroon","rota-spain","asilah-morocco","santa-cruz-de-la-palma-canary-islands-spain","el-goro-canary-islands-spain","sangano-angola","tinocas-canary-islands-spain","gimar-canary-islands-spain","praia-cape-verde","granadilla-de-abona-spain","conil-de-la-frontera-spain"]}
