{"id":"fujairah-united-arab-emirates","name":"Fujairah, United Arab Emirates","country":"United Arab Emirates","cables":[{"id":"asia-africa-europe-1-aae-1","name":"Asia Africa Europe-1 (AAE-1)","rfs_year":2017,"is_planned":false,"landing_points":["abu-talat-egypt","aden-yemen","al-bustan-oman","bari-italy","cape-daguilar-china","chania-greece","djibouti-city-djibouti","doha-qatar","fujairah-united-arab-emirates","jeddah-saudi-arabia","karachi-pakistan","marseille-france","mumbai-india","ngwe-saung-myanmar","penang-malaysia","satun-thailand","sihanoukville-cambodia","songkhla-thailand","vung-tau-vietnam","zafarana-egypt"]},{"id":"bay-of-bengal-gateway-bbg","name":"Bay of Bengal Gateway (BBG)","rfs_year":2016,"is_planned":false,"landing_points":["barka-oman","chennai-india","fujairah-united-arab-emirates","mumbai-india","penang-malaysia","ratmalana-sri-lanka"]},{"id":"europe-india-gateway-eig","name":"Europe India Gateway (EIG)","rfs_year":2011,"is_planned":false,"landing_points":["abu-talat-egypt","barka-oman","bude-united-kingdom","fujairah-united-arab-emirates","gibraltar-gibraltar","haramous-djibouti","jeddah-saudi-arabia","monaco-monaco","mumbai-india","sesimbra-portugal","tripoli-libya","zafarana-egypt"]},{"id":"flag-europe-asia-fea","name":"FLAG Europe-Asia (FEA)","rfs_year":1997,"is_planned":false,"landing_points":["alexandria-egypt","aqaba-jordan","estepona-spain","fujairah-united-arab-emirates","geoje-south-korea","jeddah-saudi-arabia","lantau-island-china","miura-japan","mumbai-india","nanhui-china","palermo-italy","penang-malaysia","port-said-egypt","porthcurno-united-kingdom","satun-thailand","songkhla-thailand","suez-egypt"]},{"id":"gulf-bridge-international-cable-systemmiddle-east-north-africa-cable-system-gbicsmena","name":"Gulf Bridge International Cable System/Middle East North Africa Cable System (GBICS/MENA)","rfs_year":2012,"is_planned":false,"landing_points":["al-daayen-qatar","al-faw-iraq","al-hidd-bahrain","al-khobar-saudi-arabia","al-seeb-oman","bushehr-iran","fujairah-united-arab-emirates","kuwait-city-kuwait","mumbai-india"]},{"id":"ice-iv","name":"ICE IV","rfs_year":2027,"is_planned":true,"landing_points":["chennai-india","fujairah-united-arab-emirates","jakarta-indonesia","kochi-india","muscat-oman","singapore-singapore","zafarana-egypt"]},{"id":"imewe","name":"IMEWE","rfs_year":2010,"is_planned":false,"landing_points":["alexandria-egypt","catania-italy","fujairah-united-arab-emirates","jeddah-saudi-arabia","karachi-pakistan","marseille-france","mumbai-india","suez-egypt","tripoli-lebanon"]},{"id":"seamewe-4","name":"SeaMeWe-4","rfs_year":2005,"is_planned":false,"landing_points":["alexandria-egypt","annaba-algeria","bizerte-tunisia","chennai-india","colombo-sri-lanka","coxs-bazar-bangladesh","fujairah-united-arab-emirates","jeddah-saudi-arabia","karachi-pakistan","marseille-france","melaka-malaysia","mumbai-india","palermo-italy","satun-thailand","suez-egypt","tuas-singapore"]},{"id":"seamewe-5","name":"SeaMeWe-5","rfs_year":2016,"is_planned":false,"landing_points":["abu-talat-egypt","al-hudaydah-yemen","catania-italy","dumai-indonesia","fujairah-united-arab-emirates","haramous-djibouti","karachi-pakistan","kuakata-bangladesh","marmaris-turkey","matara-sri-lanka","medan-indonesia","melaka-malaysia","ngwe-saung-myanmar","qalhat-oman","toulon-france","tuas-singapore","yanbu-saudi-arabia","zafarana-egypt"]},{"id":"tata-tgn-gulf","name":"Tata TGN-Gulf","rfs_year":2012,"is_planned":false,"landing_points":["al-kheesa-qatar","al-khobar-saudi-arabia","amwaj-island-bahrain","dubai-united-arab-emirates","fujairah-united-arab-emirates","qalhat-oman"]},{"id":"the-east-african-marine-system-teams","name":"The East African Marine System (TEAMS)","rfs_year":2009,"is_planned":false,"landing_points":["fujairah-united-arab-emirates","mombasa-kenya"]},{"id":"transworld-tw1","name":"Transworld (TW1)","rfs_year":2006,"is_planned":false,"landing_points":["al-seeb-oman","fujairah-united-arab-emirates","karachi-pakistan"]},{"id":"uae-iran","name":"UAE-Iran","rfs_year":1992,"is_planned":false,"landing_points":["fujairah-united-arab-emirates","jask-iran"]}],"landing_points":["porthcurno-united-kingdom","mumbai-india","estepona-spain","palermo-italy","alexandria-egypt","suez-egypt","fujairah-united-arab-emirates","penang-malaysia","songkhla-thailand","lantau-island-china","miura-japan","jeddah-saudi-arabia","aqaba-jordan","satun-thailand","jask-iran","chennai-india","colombo-sri-lanka","karachi-pakistan","bizerte-tunisia","annaba-algeria","marseille-france","coxs-bazar-bangladesh","melaka-malaysia","al-seeb-oman","mombasa-kenya","catania-italy","tripoli-lebanon","barka-oman","monaco-monaco","tripoli-libya","haramous-djibouti","bude-united-kingdom","gibraltar-gibraltar","sesimbra-portugal","al-faw-iraq","kuwait-city-kuwait","bushehr-iran","al-khobar-saudi-arabia","zafarana-egypt","abu-talat-egypt","dubai-united-arab-emirates","tuas-singapore","al-hidd-bahrain","al-daayen-qatar","al-kheesa-qatar","amwaj-island-bahrain","qalhat-oman","ratmalana-sri-lanka","chania-greece","djibouti-city-djibouti","doha-qatar","sihanoukville-cambodia","aden-yemen","al-bustan-oman","toulon-france","yanbu-saudi-arabia","ngwe-saung-myanmar","kuakata-bangladesh","al-hudaydah-yemen","matara-sri-lanka","bari-italy","marmaris-turkey","dumai-indonesia","medan-indonesia","cape-daguilar-china","vung-tau-vietnam","geoje-south-korea","nanhui-china","port-said-egypt","kochi-india","singapore-singapore","muscat-oman","jakarta-indonesia"]}
