{"id":"los-angeles-ca-united-states","name":"Los Angeles, CA, United States","country":"United States","cables":[{"id":"project-waterworth","name":"Project Waterworth","rfs_year":null,"is_planned":true,"landing_points":["amanzimtoti-south-africa","cape-town-south-africa","chennai-india","darwin-nt-australia","fortaleza-brazil","los-angeles-ca-united-states","mumbai-india","myrtle-beach-sc-united-states","satun-thailand"]},{"id":"tabua","name":"Tabua","rfs_year":2026,"is_planned":true,"landing_points":["kapolei-hi-united-states","los-angeles-ca-united-states","maroochydore-qld-australia","natadola-fiji","suva-fiji","sydney-nsw-australia"]},{"id":"tata-tgn-pacific","name":"Tata TGN-Pacific","rfs_year":2002,"is_planned":false,"landing_points":["emi-japan","hillsboro-or-united-states","los-angeles-ca-united-states","piti-guam","toyohashi-japan"]},{"id":"zayo-festoon","name":"Zayo Festoon","rfs_year":2015,"is_planned":false,"landing_points":["los-angeles-ca-united-states","san-luis-obispo-ca-united-states","santa-barbara-ca-united-states"]}],"landing_points":["los-angeles-ca-united-states","toyohashi-japan","hillsboro-or-united-states","emi-japan","piti-guam","san-luis-obispo-ca-united-states","santa-barbara-ca-united-states","sydney-nsw-australia","suva-fiji","kapolei-hi-united-states","natadola-fiji","myrtle-beach-sc-united-states","fortaleza-brazil","cape-town-south-africa","mumbai-india","darwin-nt-australia","chennai-india","satun-thailand","amanzimtoti-south-africa","maroochydore-qld-australia"]}
