{"id":"mazara-del-vallo-italy","name":"Mazara del Vallo, Italy","country":"Italy","cables":[{"id":"didon","name":"Didon","rfs_year":2014,"is_planned":false,"landing_points":["kelibia-tunisia","mazara-del-vallo-italy"]},{"id":"go-1-mediterranean-cable-system","name":"GO-1 Mediterranean Cable System","rfs_year":2008,"is_planned":false,"landing_points":["mazara-del-vallo-italy","st-pauls-bay-malta"]},{"id":"hannibal-system","name":"HANNIBAL System","rfs_year":2009,"is_planned":false,"landing_points":["kelibia-tunisia","mazara-del-vallo-italy"]},{"id":"italy-libya","name":"Italy-Libya","rfs_year":1998,"is_planned":false,"landing_points":["mazara-del-vallo-italy","tripoli-libya"]},{"id":"janna","name":"Janna","rfs_year":2005,"is_planned":false,"landing_points":["cagliari-italy","civitavecchia-italy","mazara-del-vallo-italy","olbia-italy"]},{"id":"medusa-submarine-cable-system","name":"Medusa Submarine Cable System","rfs_year":2026,"is_planned":true,"landing_points":["algiers-algeria","athens-greece","barcelona-spain","benghazi-libya","bizerte-tunisia","carcavelos-portugal","collo-algeria","manilva-spain","marseille-france","mazara-del-vallo-italy","mellieha-malta","misuratah-libya","nador-morocco","port-said-egypt","tartous-syria","ttouan-morocco","yeroskipos-cyprus","zahara-de-los-atunes-spain"]},{"id":"middle-east-north-africa-mena-cable-systemgulf-bridge-international","name":"Middle East North Africa (MENA) Cable System/Gulf Bridge International","rfs_year":2014,"is_planned":false,"landing_points":["abu-talat-egypt","al-seeb-oman","jeddah-saudi-arabia","mazara-del-vallo-italy","zafarana-egypt"]},{"id":"unitirreno","name":"Unitirreno","rfs_year":2025,"is_planned":false,"landing_points":["fiumicino-italy","genoa-italy","mazara-del-vallo-italy","olbia-italy"]}],"landing_points":["tripoli-libya","mazara-del-vallo-italy","jeddah-saudi-arabia","zafarana-egypt","abu-talat-egypt","st-pauls-bay-malta","al-seeb-oman","kelibia-tunisia","cagliari-italy","olbia-italy","civitavecchia-italy","barcelona-spain","marseille-france","zahara-de-los-atunes-spain","manilva-spain","ttouan-morocco","nador-morocco","algiers-algeria","collo-algeria","port-said-egypt","carcavelos-portugal","bizerte-tunisia","genoa-italy","fiumicino-italy","athens-greece","yeroskipos-cyprus","misuratah-libya","benghazi-libya","mellieha-malta","tartous-syria"]}
