{"id":"punta-cana-dominican-republic","name":"Punta Cana, Dominican Republic","country":"Dominican Republic","cables":[{"id":"antillas-1","name":"Antillas 1","rfs_year":1997,"is_planned":false,"landing_points":["cacique-dominican-republic","isla-verde-pr-united-states","punta-cana-dominican-republic"]},{"id":"arcos","name":"ARCOS","rfs_year":2001,"is_planned":false,"landing_points":["belize-city-belize","bluefields-nicaragua","cancn-mexico","cartagena-colombia","cat-island-bahamas","crooked-island-bahamas","isla-verde-pr-united-states","maria-chiquita-panama","nassau-bahamas","north-miami-beach-fl-united-states","providenciales-turks-and-caicos-islands","puerto-barrios-guatemala","puerto-cabezas-nicaragua","puerto-cortes-honduras","puerto-lempira-honduras","puerto-limon-costa-rica","puerto-plata-dominican-republic","punta-cana-dominican-republic","punto-fijo-venezuela","riohacha-colombia","trujillo-honduras","tulum-mexico","ustupo-panama","willemstad-curaao"]},{"id":"south-america-1-sam-1","name":"South America-1 (SAm-1)","rfs_year":2001,"is_planned":false,"landing_points":["arica-chile","barranquilla-colombia","boca-raton-fl-united-states","fortaleza-brazil","las-toninas-argentina","lurin-peru","mancora-peru","puerto-barrios-guatemala","puerto-san-jose-guatemala","punta-cana-dominican-republic","punta-carnero-ecuador","rio-de-janeiro-brazil","salvador-brazil","san-juan-pr-united-states","santos-brazil","valparaso-chile"]}],"landing_points":["nassau-bahamas","crooked-island-bahamas","providenciales-turks-and-caicos-islands","punta-cana-dominican-republic","puerto-plata-dominican-republic","riohacha-colombia","bluefields-nicaragua","puerto-lempira-honduras","trujillo-honduras","puerto-cortes-honduras","puerto-barrios-guatemala","boca-raton-fl-united-states","san-juan-pr-united-states","fortaleza-brazil","rio-de-janeiro-brazil","santos-brazil","las-toninas-argentina","valparaso-chile","arica-chile","lurin-peru","puerto-san-jose-guatemala","puerto-cabezas-nicaragua","cartagena-colombia","cat-island-bahamas","salvador-brazil","punto-fijo-venezuela","north-miami-beach-fl-united-states","tulum-mexico","isla-verde-pr-united-states","belize-city-belize","puerto-limon-costa-rica","cancn-mexico","barranquilla-colombia","punta-carnero-ecuador","mancora-peru","maria-chiquita-panama","willemstad-curaao","ustupo-panama","cacique-dominican-republic"]}
