{"id":"suez-egypt","name":"Suez, Egypt","country":"Egypt","cables":[{"id":"2africa","name":"2Africa","rfs_year":2024,"is_planned":false,"landing_points":["abidjan-cte-divoire","abu-dhabi-united-arab-emirates","accra-ghana","al-faw-iraq","al-khobar-saudi-arabia","amanzimtoti-south-africa","barcelona-spain","barka-oman","berbera-somalia","bude-united-kingdom","carana-seychelles","carcavelos-portugal","dakar-senegal","dar-es-salaam-tanzania","djibouti-city-djibouti","doha-qatar","duba-saudi-arabia","duynefontein-south-africa","genoa-italy","gqeberha-south-africa","gran-canaria-canary-islands-spain","jeddah-saudi-arabia","kalba-united-arab-emirates","karachi-pakistan","kuwait-city-kuwait","kwa-ibo-nigeria","lagos-nigeria","libreville-gabon","luanda-angola","mahajanga-madagascar","manama-bahrain","maputo-mozambique","marseille-france","mogadishu-somalia","mombasa-kenya","moroni-comoros","mtwapa-kenya","muanda-congo-dem-rep-","mumbai-india","nacala-mozambique","pointe-noire-congo-rep-","port-said-egypt","port-sudan-sudan","ras-ghareb-egypt","salalah-oman","suez-egypt","tympaki-greece","yanbu-saudi-arabia","yzerfontein-south-africa","zafarana-egypt"]},{"id":"falcon","name":"FALCON","rfs_year":2006,"is_planned":false,"landing_points":["al-faw-iraq","al-ghaydah-yemen","al-hudaydah-yemen","al-khobar-saudi-arabia","al-safat-kuwait","al-seeb-oman","bandar-abbas-iran","chabahar-iran","colombo-sri-lanka","doha-qatar","dubai-united-arab-emirates","jeddah-saudi-arabia","khasab-oman","male-maldives","manama-bahrain","mumbai-india","port-sudan-sudan","suez-egypt","trivandrum-india"]},{"id":"flag-europe-asia-fea","name":"FLAG Europe-Asia (FEA)","rfs_year":1997,"is_planned":false,"landing_points":["alexandria-egypt","aqaba-jordan","estepona-spain","fujairah-united-arab-emirates","geoje-south-korea","jeddah-saudi-arabia","lantau-island-china","miura-japan","mumbai-india","nanhui-china","palermo-italy","penang-malaysia","port-said-egypt","porthcurno-united-kingdom","satun-thailand","songkhla-thailand","suez-egypt"]},{"id":"imewe","name":"IMEWE","rfs_year":2010,"is_planned":false,"landing_points":["alexandria-egypt","catania-italy","fujairah-united-arab-emirates","jeddah-saudi-arabia","karachi-pakistan","marseille-france","mumbai-india","suez-egypt","tripoli-lebanon"]},{"id":"red2med","name":"Red2Med","rfs_year":2023,"is_planned":false,"landing_points":["port-said-egypt","ras-ghareb-egypt","suez-egypt","zafarana-egypt"]},{"id":"seamewe-4","name":"SeaMeWe-4","rfs_year":2005,"is_planned":false,"landing_points":["alexandria-egypt","annaba-algeria","bizerte-tunisia","chennai-india","colombo-sri-lanka","coxs-bazar-bangladesh","fujairah-united-arab-emirates","jeddah-saudi-arabia","karachi-pakistan","marseille-france","melaka-malaysia","mumbai-india","palermo-italy","satun-thailand","suez-egypt","tuas-singapore"]}],"landing_points":["porthcurno-united-kingdom","mumbai-india","estepona-spain","palermo-italy","alexandria-egypt","suez-egypt","fujairah-united-arab-emirates","penang-malaysia","songkhla-thailand","lantau-island-china","miura-japan","jeddah-saudi-arabia","aqaba-jordan","satun-thailand","chennai-india","colombo-sri-lanka","karachi-pakistan","bizerte-tunisia","annaba-algeria","marseille-france","coxs-bazar-bangladesh","melaka-malaysia","al-safat-kuwait","manama-bahrain","al-seeb-oman","khasab-oman","al-ghaydah-yemen","al-hudaydah-yemen","port-sudan-sudan","doha-qatar","al-khobar-saudi-arabia","dubai-united-arab-emirates","catania-italy","tripoli-lebanon","chabahar-iran","bandar-abbas-iran","al-faw-iraq","tuas-singapore","geoje-south-korea","male-maldives","trivandrum-india","ras-ghareb-egypt","port-said-egypt","bude-united-kingdom","genoa-italy","barcelona-spain","salalah-oman","djibouti-city-djibouti","mogadishu-somalia","mombasa-kenya","dar-es-salaam-tanzania","maputo-mozambique","nacala-mozambique","mahajanga-madagascar","gqeberha-south-africa","muanda-congo-dem-rep-","pointe-noire-congo-rep-","libreville-gabon","lagos-nigeria","accra-ghana","abidjan-cte-divoire","dakar-senegal","yanbu-saudi-arabia","carcavelos-portugal","zafarana-egypt","nanhui-china","kwa-ibo-nigeria","luanda-angola","moroni-comoros","gran-canaria-canary-islands-spain","carana-seychelles","barka-oman","abu-dhabi-united-arab-emirates","kalba-united-arab-emirates","kuwait-city-kuwait","duba-saudi-arabia","berbera-somalia","tympaki-greece","yzerfontein-south-africa","amanzimtoti-south-africa","mtwapa-kenya","duynefontein-south-africa"]}
