{"id":"suva-fiji","name":"Suva, Fiji","country":"Fiji","cables":[{"id":"bulikula","name":"Bulikula","rfs_year":2026,"is_planned":true,"landing_points":["kapolei-hi-united-states","natadola-fiji","piti-guam","suva-fiji","tahiti-iti-french-polynesia","tahiti-nui-french-polynesia","tinian-northern-mariana-islands"]},{"id":"gondwana-2picot-2","name":"Gondwana-2/Picot-2","rfs_year":2022,"is_planned":false,"landing_points":["mont-dore-new-caledonia","noumea-new-caledonia","suva-fiji","tadine-new-caledonia","vao-new-caledonia","we-new-caledonia","yate-new-caledonia"]},{"id":"interchange-cable-network-1-icn1","name":"Interchange Cable Network 1 (ICN1)","rfs_year":2014,"is_planned":false,"landing_points":["port-vila-vanuatu","suva-fiji"]},{"id":"southern-cross-cable-network-sccn","name":"Southern Cross Cable Network (SCCN)","rfs_year":2000,"is_planned":false,"landing_points":["alexandria-nsw-australia","brookvale-nsw-australia","hillsboro-or-united-states","kahe-point-hi-united-states","morro-bay-ca-united-states","spencer-beach-hi-united-states","suva-fiji","takapuna-new-zealand","whenuapai-new-zealand"]},{"id":"southern-cross-next","name":"Southern Cross NEXT","rfs_year":2022,"is_planned":false,"landing_points":["alexandria-nsw-australia","hermosa-beach-ca-united-states","nukunonu-tokelau","savusavu-fiji","suva-fiji","tabwakea-kiribati","takapuna-new-zealand"]},{"id":"tabua","name":"Tabua","rfs_year":2026,"is_planned":true,"landing_points":["kapolei-hi-united-states","los-angeles-ca-united-states","maroochydore-qld-australia","natadola-fiji","suva-fiji","sydney-nsw-australia"]},{"id":"tonga-cable","name":"Tonga Cable","rfs_year":2013,"is_planned":false,"landing_points":["nukualofa-tonga","suva-fiji"]},{"id":"tui-samoa","name":"Tui-Samoa","rfs_year":2018,"is_planned":false,"landing_points":["apia-samoa","leava-wallis-and-futuna","mata-utu-wallis-and-futuna","savusavu-fiji","suva-fiji","tuasivi-samoa"]}],"landing_points":["brookvale-nsw-australia","port-vila-vanuatu","suva-fiji","nukualofa-tonga","alexandria-nsw-australia","hillsboro-or-united-states","kahe-point-hi-united-states","morro-bay-ca-united-states","spencer-beach-hi-united-states","takapuna-new-zealand","whenuapai-new-zealand","savusavu-fiji","mata-utu-wallis-and-futuna","leava-wallis-and-futuna","apia-samoa","tuasivi-samoa","nukunonu-tokelau","tabwakea-kiribati","noumea-new-caledonia","we-new-caledonia","tadine-new-caledonia","vao-new-caledonia","yate-new-caledonia","mont-dore-new-caledonia","sydney-nsw-australia","los-angeles-ca-united-states","piti-guam","hermosa-beach-ca-united-states","kapolei-hi-united-states","natadola-fiji","tinian-northern-mariana-islands","tahiti-iti-french-polynesia","tahiti-nui-french-polynesia","maroochydore-qld-australia"]}
