{"id":"sydney-nsw-australia","name":"Sydney, NSW, Australia","country":"Australia","cables":[{"id":"coral-sea-cable-system-cs","name":"Coral Sea Cable System (CS²)","rfs_year":2020,"is_planned":false,"landing_points":["auki-solomon-islands","honiara-solomon-islands","noro-solomon-islands","port-moresby-papua-new-guinea","sydney-nsw-australia","taro-solomon-islands"]},{"id":"gondwana-1","name":"Gondwana-1","rfs_year":2008,"is_planned":false,"landing_points":["noumea-new-caledonia","sydney-nsw-australia"]},{"id":"hawaiki","name":"Hawaiki","rfs_year":2018,"is_planned":false,"landing_points":["hillsboro-or-united-states","kapolei-hi-united-states","mangawhai-new-zealand","neiafu-tonga","pago-pago-american-samoa","sydney-nsw-australia"]},{"id":"hawaiki-nui-1","name":"Hawaiki Nui 1","rfs_year":2027,"is_planned":true,"landing_points":["batam-indonesia","brisbane-qld-australia","darwin-nt-australia","dili-timor-leste","honiara-solomon-islands","jakarta-indonesia","port-moresby-papua-new-guinea","singapore-singapore","sydney-nsw-australia"]},{"id":"honomoana","name":"Honomoana","rfs_year":2026,"is_planned":true,"landing_points":["auckland-new-zealand","melbourne-vic-australia","san-diego-ca-united-states","sydney-nsw-australia","tahiti-iti-french-polynesia","tahiti-nui-french-polynesia"]},{"id":"pipe-pacific-cable-1-ppc-1","name":"PIPE Pacific Cable-1 (PPC-1)","rfs_year":2009,"is_planned":false,"landing_points":["madang-papua-new-guinea","piti-guam","sydney-nsw-australia"]},{"id":"sydney-melbourne-adelaide-perth-smap","name":"Sydney-Melbourne-Adelaide-Perth (SMAP)","rfs_year":2026,"is_planned":true,"landing_points":["adelaide-sa-australia","maroubra-nsw-australia","perth-wa-australia","sydney-nsw-australia","torquay-vic-australia"]},{"id":"tabua","name":"Tabua","rfs_year":2026,"is_planned":true,"landing_points":["kapolei-hi-united-states","los-angeles-ca-united-states","maroochydore-qld-australia","natadola-fiji","suva-fiji","sydney-nsw-australia"]},{"id":"tasman-ring-network","name":"Tasman Ring Network","rfs_year":2027,"is_planned":true,"landing_points":["auckland-new-zealand","greymouth-new-zealand","invercargill-new-zealand","melbourne-vic-australia","new-plymouth-new-zealand","sydney-nsw-australia"]}],"landing_points":["sydney-nsw-australia","noumea-new-caledonia","piti-guam","madang-papua-new-guinea","mangawhai-new-zealand","kapolei-hi-united-states","pago-pago-american-samoa","honiara-solomon-islands","port-moresby-papua-new-guinea","auki-solomon-islands","noro-solomon-islands","taro-solomon-islands","hillsboro-or-united-states","singapore-singapore","batam-indonesia","jakarta-indonesia","darwin-nt-australia","brisbane-qld-australia","torquay-vic-australia","adelaide-sa-australia","perth-wa-australia","los-angeles-ca-united-states","suva-fiji","tahiti-nui-french-polynesia","melbourne-vic-australia","auckland-new-zealand","neiafu-tonga","natadola-fiji","san-diego-ca-united-states","tahiti-iti-french-polynesia","dili-timor-leste","invercargill-new-zealand","new-plymouth-new-zealand","greymouth-new-zealand","maroubra-nsw-australia","maroochydore-qld-australia"]}
