{"id":"tripoli-libya","name":"Tripoli, Libya","country":"Libya","cables":[{"id":"europe-india-gateway-eig","name":"Europe India Gateway (EIG)","rfs_year":2011,"is_planned":false,"landing_points":["abu-talat-egypt","barka-oman","bude-united-kingdom","fujairah-united-arab-emirates","gibraltar-gibraltar","haramous-djibouti","jeddah-saudi-arabia","monaco-monaco","mumbai-india","sesimbra-portugal","tripoli-libya","zafarana-egypt"]},{"id":"italy-libya","name":"Italy-Libya","rfs_year":1998,"is_planned":false,"landing_points":["mazara-del-vallo-italy","tripoli-libya"]},{"id":"lfon-libyan-fiber-optic-network","name":"LFON (Libyan Fiber Optic Network)","rfs_year":1999,"is_planned":false,"landing_points":["al-bayda-libya","al-khums-libya","benghazi-libya","brega-libya","derna-libya","misuratah-libya","ras-lanuf-libya","sirte-libya","tobruk-libya","tolmeta-libya","tripoli-libya","zawia-libya","zuwara-libya"]}],"landing_points":["tripoli-libya","mazara-del-vallo-italy","zuwara-libya","zawia-libya","al-khums-libya","misuratah-libya","sirte-libya","ras-lanuf-libya","brega-libya","benghazi-libya","tolmeta-libya","derna-libya","tobruk-libya","barka-oman","monaco-monaco","jeddah-saudi-arabia","mumbai-india","haramous-djibouti","bude-united-kingdom","gibraltar-gibraltar","fujairah-united-arab-emirates","sesimbra-portugal","zafarana-egypt","abu-talat-egypt","al-bayda-libya"]}
