{"id":"valparaso-chile","name":"Valparaíso, Chile","country":"Chile","cables":[{"id":"curie","name":"Curie","rfs_year":2020,"is_planned":false,"landing_points":["balboa-panama","el-segundo-ca-united-states","valparaso-chile"]},{"id":"prat","name":"Prat","rfs_year":2020,"is_planned":false,"landing_points":["antofagasta-chile","arica-chile","caldera-chile","cartagena-chile","constitucin-chile","iquique-chile","la-serena-chile","puerto-montt-chile","puerto-saavedra-chile","san-pedro-de-la-paz-chile","tocopilla-chile","valparaso-chile"]},{"id":"south-america-1-sam-1","name":"South America-1 (SAm-1)","rfs_year":2001,"is_planned":false,"landing_points":["arica-chile","barranquilla-colombia","boca-raton-fl-united-states","fortaleza-brazil","las-toninas-argentina","lurin-peru","mancora-peru","puerto-barrios-guatemala","puerto-san-jose-guatemala","punta-cana-dominican-republic","punta-carnero-ecuador","rio-de-janeiro-brazil","salvador-brazil","san-juan-pr-united-states","santos-brazil","valparaso-chile"]},{"id":"south-american-crossing-sac","name":"South American Crossing (SAC)","rfs_year":2000,"is_planned":false,"landing_points":["buenaventura-colombia","coln-panama","fort-amador-panama","fortaleza-brazil","las-toninas-argentina","lurin-peru","puerto-viejo-venezuela","rio-de-janeiro-brazil","santos-brazil","st-croix-virgin-islands-virgin-islands-u-s-","valparaso-chile"]},{"id":"south-pacific-cable-system-spcsmistral","name":"South Pacific Cable System (SPCS)/Mistral","rfs_year":2021,"is_planned":false,"landing_points":["arica-chile","lurin-peru","puerto-san-jose-guatemala","salinas-ecuador","valparaso-chile"]}],"landing_points":["st-croix-virgin-islands-virgin-islands-u-s-","valparaso-chile","fortaleza-brazil","lurin-peru","rio-de-janeiro-brazil","santos-brazil","las-toninas-argentina","fort-amador-panama","boca-raton-fl-united-states","san-juan-pr-united-states","arica-chile","puerto-san-jose-guatemala","puerto-barrios-guatemala","salvador-brazil","puerto-viejo-venezuela","barranquilla-colombia","punta-carnero-ecuador","mancora-peru","buenaventura-colombia","punta-cana-dominican-republic","iquique-chile","antofagasta-chile","la-serena-chile","puerto-montt-chile","tocopilla-chile","puerto-saavedra-chile","caldera-chile","constitucin-chile","salinas-ecuador","balboa-panama","el-segundo-ca-united-states","coln-panama","cartagena-chile","san-pedro-de-la-paz-chile"]}
