{"id":"willemstad-curaao","name":"Willemstad, Curaçao","country":"Curaçao","cables":[{"id":"alonso-de-ojeda","name":"Alonso de Ojeda","rfs_year":1999,"is_planned":false,"landing_points":["baby-beach-aruba","willemstad-curaao"]},{"id":"amerigo-vespucci","name":"Amerigo Vespucci","rfs_year":1999,"is_planned":false,"landing_points":["kralendijk-bonaire-netherlands","willemstad-curaao"]},{"id":"arcos","name":"ARCOS","rfs_year":2001,"is_planned":false,"landing_points":["belize-city-belize","bluefields-nicaragua","cancn-mexico","cartagena-colombia","cat-island-bahamas","crooked-island-bahamas","isla-verde-pr-united-states","maria-chiquita-panama","nassau-bahamas","north-miami-beach-fl-united-states","providenciales-turks-and-caicos-islands","puerto-barrios-guatemala","puerto-cabezas-nicaragua","puerto-cortes-honduras","puerto-lempira-honduras","puerto-limon-costa-rica","puerto-plata-dominican-republic","punta-cana-dominican-republic","punto-fijo-venezuela","riohacha-colombia","trujillo-honduras","tulum-mexico","ustupo-panama","willemstad-curaao"]},{"id":"celia","name":"CELIA","rfs_year":2027,"is_planned":true,"landing_points":["baby-beach-aruba","boca-raton-fl-united-states","kralendijk-bonaire-sint-eustatius-and-saba","le-lamentin-martinique","morris-bay-antigua-and-barbuda","san-juan-pr-united-states","willemstad-curaao"]},{"id":"ec-link","name":"EC Link","rfs_year":2007,"is_planned":false,"landing_points":["chaguaramas-trinidad-and-tobago","willemstad-curaao"]},{"id":"jerry-newton","name":"Jerry Newton","rfs_year":2007,"is_planned":false,"landing_points":["north-salina-bonaire-sint-eustatius-and-saba","willemstad-curaao"]}],"landing_points":["nassau-bahamas","crooked-island-bahamas","providenciales-turks-and-caicos-islands","punta-cana-dominican-republic","puerto-plata-dominican-republic","riohacha-colombia","bluefields-nicaragua","puerto-lempira-honduras","trujillo-honduras","puerto-cortes-honduras","puerto-barrios-guatemala","puerto-cabezas-nicaragua","cartagena-colombia","cat-island-bahamas","punto-fijo-venezuela","north-miami-beach-fl-united-states","tulum-mexico","isla-verde-pr-united-states","belize-city-belize","puerto-limon-costa-rica","cancn-mexico","chaguaramas-trinidad-and-tobago","maria-chiquita-panama","willemstad-curaao","north-salina-bonaire-sint-eustatius-and-saba","kralendijk-bonaire-netherlands","baby-beach-aruba","ustupo-panama","le-lamentin-martinique","san-juan-pr-united-states","boca-raton-fl-united-states","morris-bay-antigua-and-barbuda","kralendijk-bonaire-sint-eustatius-and-saba"]}
